rating,date,content,cleaned_content,month,season,tokens,review_length
4,2025-12-19,캔끼리 부디쳐서 깨진건지 한박스는 완전 젖어 왔네요. 그냥 한개니까 반품은 안하겠지만 포장을 좀더 신경써주셔야 할것같아요.,캔끼리 부디쳐서 깨진건지 한박스는 완전 젖어 왔네요 그냥 한개니까 반품은 안하겠지만 포장을 좀더 신경써주셔야 할것같아요,12,Winter,캔끼리 부디쳐서 깨진건지 한박스는 완전 젖어 왔네요 그냥 한개니까 반품은 안하겠지만 포장을 좀더 신경써주셔야 할것같아요,66
4,2025-11-06,배송도 빠르고 코카콜라는 언제나 만족합니다 사은품 도시락도 좋아요,배송도 빠르고 코카콜라는 언제나 만족합니다 사은품 도시락도 좋아요,11,Fall,배송도 빠르고 코카콜라는 언제나 만족합니다 사은품 도시락도 좋아요,36
5,2025-11-09,완전 빠르게 휴일인데도 와버렸네요. 제로콜라는 항상 코카콜라제로만 마십니다. 가격이 좋아서 90개 질렀어요.,완전 빠르게 휴일인데도 와버렸네요 제로콜라는 항상 코카콜라제로만 마십니다 가격이 좋아서 90개 질렀어요,11,Fall,완전 빠르게 휴일인데도 와버렸네요 제로콜라는 항상 코카콜라제로만 마십니다 가격이 좋아서 90개 질렀어요,57
5,2025-08-23,잘받았습니다 맛있어요 감사합니다 ^^,잘받았습니다 맛있어요 감사합니다,8,Summer,잘받았습니다 맛있어요 감사합니다,17
4,2026-01-12,배송도 빠르고 제품도 쿠폰사용하여 저렴하게 구매했어요 코카콜라 제로 항상만족합니다,배송도 빠르고 제품도 쿠폰사용하여 저렴하게 구매했어요 코카콜라 제로 항상만족합니다,1,Winter,배송도 빠르고 제품도 쿠폰사용하여 저렴하게 구매했어요 코카콜라 제로 항상만족합니다,45
5,2025-10-28,원래 저런거 보낸건지 배송자가 던져서 그런건지 모르겠으나찌그러진 상태가 너무 심함안터진게 신기할정도 ㅋㅋㅋ비닐포장되어 있고 박스에 넣어서 에어쿠션 까지 들어 있는데 누구 잘못인가???에어쿠션이 있는데 이정로 찌끄러짐이면 원래 그런건가? ㅋㅋㅋ,원래 저런거 보낸건지 배송자가 던져서 그런건지 모르겠으나찌그러진 상태가 너무 심함안터진게 신기할정도 비닐포장되어 있고 박스에 넣어서 에어쿠션 까지 들어 있는데 누구 잘못인가에어쿠션이 있는데 이정로 찌끄러짐이면 원래 그런건가,10,Fall,원래 저런거 보낸건지 배송자가 던져서 그런건지 모르겠으나찌그러진 상태가 너무 심함안터진게 신기할정도 비닐포장되어 있고 박스에 넣어서 에어쿠션 까지 들어 있는데 누구 잘못인가에어쿠션이 있는데 이정로 찌끄러짐이면 원래 그런건가,124
5,2025-09-17,사은품도 맘에 들고 배송도 빠르고 좋아요,사은품도 맘에 들고 배송도 빠르고 좋아요,9,Fall,사은품도 맘에 들고 배송도 빠르고 좋아요,22
4,2025-10-04,배송은 빠르고 쿠폰사용하여 평소보다 더저렴하게 구매했어요,배송은 빠르고 쿠폰사용하여 평소보다 더저렴하게 구매했어요,10,Fall,배송은 빠르고 쿠폰사용하여 평소보다 더저렴하게 구매했어요,31
5,2025-09-23,가격 완전 착하고 배송 빠르고 맛도 좋은 음료수 우리 애가 너무 좋아합니다 양 엄청나서 명절후까지 넉넉하게 먹겠어요 ㅎㅎ,가격 완전 착하고 배송 빠르고 맛도 좋은 음료수 우리 애가 너무 좋아합니다 양 엄청나서 명절후까지 넉넉하게 먹겠어요,9,Fall,가격 완전 착하고 배송 빠르고 맛도 좋은 음료수 우리 애가 너무 좋아합니다 양 엄청나서 명절후까지 넉넉하게 먹겠어요,64
5,2026-01-16,카카오톡 선물하기에서 큰 용량이랑 백팩 판매해서 살뻔 했는데 지마켓에서 작은 용량이랑 백팩 판매해서 너무 신나게 구매 했어요 오예!,카카오톡 선물하기에서 큰 용량이랑 백팩 판매해서 살뻔 했는데 지마켓에서 작은 용량이랑 백팩 판매해서 너무 신나게 구매 했어요 오예,1,Winter,카카오톡 선물하기에서 큰 용량이랑 백팩 판매해서 살뻔 했는데 지마켓에서 작은 용량이랑 백팩 판매해서 너무 신나게 구매 했어요 오예,72
5,2025-09-17,시리얼볼이 큼직하니 넘 맘에 들어서 재주문 해야겠어요!,시리얼볼이 큼직하니 넘 맘에 들어서 재주문 해야겠어요,9,Fall,시리얼볼이 큼직하니 넘 맘에 들어서 재주문 해야겠어요,29
5,2025-09-17,배송 빠르고 유통기한 길고 도시락 증정 넘 좋네요!,배송 빠르고 유통기한 길고 도시락 증정 넘 좋네요,9,Fall,배송 빠르고 유통기한 길고 도시락 증정 넘 좋네요,27
5,2025-03-13,배송은 빠르고 쿠폰 사용하여 저렴하개 구매했어요,배송은 빠르고 쿠폰 사용하여 저렴하개 구매했어요,3,Spring,배송은 빠르고 쿠폰 사용하여 저렴하개 구매했어요,26
5,2025-08-19,잘받았어요. 아이가 제로 먹고싶다해서 샀어요.,잘받았어요 아이가 제로 먹고싶다해서 샀어요,8,Summer,잘받았어요 아이가 제로 먹고싶다해서 샀어요,23
5,2025-07-31,사무실에서잘마시고있어요.고객들드리기좋아요~~,사무실에서잘마시고있어요고객들드리기좋아요,7,Summer,사무실에서잘마시고있어요고객들드리기좋아요,21
5,2026-01-11,코카콜라제로 매출이 떨어지니 행사도 하는군코카콜라제로 매출이 떨어지니 행사도 하는군코카콜라제로 매출이 떨어지니 행사도 하는군,코카콜라제로 매출이 떨어지니 행사도 하는군코카콜라제로 매출이 떨어지니 행사도 하는군코카콜라제로 매출이 떨어지니 행사도 하는군,1,Winter,코카콜라제로 매출이 떨어지니 행사도 하는군코카콜라제로 매출이 떨어지니 행사도 하는군코카콜라제로 매출이 떨어지니 행사도 하는군,69
5,2025-12-12,손장갑 너무 이쁘네요코카콜라 더 할인된 가격으로 사야하는데 아쉽네요콜라는 역시 코카콜라배송도 빠르고 포장도 잘되어 왔어요,손장갑 너무 이쁘네요코카콜라 더 할인된 가격으로 사야하는데 아쉽네요콜라는 역시 코카콜라배송도 빠르고 포장도 잘되어 왔어요,12,Winter,손장갑 너무 이쁘네요코카콜라 더 할인된 가격으로 사야하는데 아쉽네요콜라는 역시 코카콜라배송도 빠르고 포장도 잘되어 왔어요,67
5,2025-11-03,만족합니다.수요일에 쓰려고 주문했는데 벌써 도착했네요.빠른 배송 감사해요.도시락통도 잘 받았습니다.,만족합니다수요일에 쓰려고 주문했는데 벌써 도착했네요빠른 배송 감사해요도시락통도 잘 받았습니다,11,Fall,만족합니다수요일에 쓰려고 주문했는데 벌써 도착했네요빠른 배송 감사해요도시락통도 잘 받았습니다,51
5,2025-11-10,쿠폰쓰니 다른곳보다 더 싸네요 ㅎㅎ 행사하길레 샀어요 ㅎㅎ 넘싸게잘샀어요 맛있어요 작은캔입니다.,쿠폰쓰니 다른곳보다 더 싸네요 행사하길레 샀어요 넘싸게잘샀어요 맛있어요 작은캔입니다,11,Fall,쿠폰쓰니 다른곳보다 더 싸네요 행사하길레 샀어요 넘싸게잘샀어요 맛있어요 작은캔입니다,46
5,2025-11-08,떨어질라고 하면 행사가 있어서 항상 쟁여 놓네요 사은품 도시락도 허접하지 않고 마음에 듭니다,떨어질라고 하면 행사가 있어서 항상 쟁여 놓네요 사은품 도시락도 허접하지 않고 마음에 듭니다,11,Fall,떨어질라고 하면 행사가 있어서 항상 쟁여 놓네요 사은품 도시락도 허접하지 않고 마음에 듭니다,51
4,2025-11-03,코카콜라 제로 할인해서 싸게 잘 샀습니다.근데 리뉴얼 되기전 제로 콜라 로 보내주셨네요. ㅠㅠ 그게 아쉽네요.,코카콜라 제로 할인해서 싸게 잘 샀습니다근데 리뉴얼 되기전 제로 콜라 로 보내주셨네요 그게 아쉽네요,11,Fall,코카콜라 제로 할인해서 싸게 잘 샀습니다근데 리뉴얼 되기전 제로 콜라 로 보내주셨네요 그게 아쉽네요,55
5,2025-11-12,제로라 칼로리 신경 안쓰고 두캔이나 마셨네요맛있어요,제로라 칼로리 신경 안쓰고 두캔이나 마셨네요맛있어요,11,Fall,제로라 칼로리 신경 안쓰고 두캔이나 마셨네요맛있어요,28
5,2025-12-17,배송빠르고 제품도 좋아요 저렴하게 잘 구매했습니다,배송빠르고 제품도 좋아요 저렴하게 잘 구매했습니다,12,Winter,배송빠르고 제품도 좋아요 저렴하게 잘 구매했습니다,27
5,2025-11-11,"할인행사 때 저렴하게 구매했어요 마니 파세여,,,",할인행사 때 저렴하게 구매했어요 마니 파세여,11,Fall,할인행사 때 저렴하게 구매했어요 마니 파세여,24
5,2025-12-18,사이즈 작아 먹기 편해요 달력도 사이즈 좋아요,사이즈 작아 먹기 편해요 달력도 사이즈 좋아요,12,Winter,사이즈 작아 먹기 편해요 달력도 사이즈 좋아요,25
5,2025-09-30,기대안했는데 트레이가 사이즈 넉넉하고 좋네요ㅎㅎ코카콜라 사은품은 대체로 퀄리티가 좋은편인거 같아요~제로콜라는 항상 구비되어 있어야해서 행사하길래 구매했습니당ㅎ 잘먹을게요,기대안했는데 트레이가 사이즈 넉넉하고 좋네요코카콜라 사은품은 대체로 퀄리티가 좋은편인거 같아요제로콜라는 항상 구비되어 있어야해서 행사하길래 구매했습니당 잘먹을게요,9,Fall,기대안했는데 트레이가 사이즈 넉넉하고 좋네요코카콜라 사은품은 대체로 퀄리티가 좋은편인거 같아요제로콜라는 항상 구비되어 있어야해서 행사하길래 구매했습니당 잘먹을게요,90
5,2025-11-10,일반만 먹다가 제로 시켰는데재고털이인거 같네요유통기한이 일반상품보다 1년이나 빨라요,일반만 먹다가 제로 시켰는데재고털이인거 같네요유통기한이 일반상품보다 1년이나 빨라요,11,Fall,일반만 먹다가 제로 시켰는데재고털이인거 같네요유통기한이 일반상품보다 1년이나 빨라요,46
5,2025-11-04,저렴한 가격에 구입했네요~잘 마실께요~사은품으로 주신 도시락도 이뻐요감사합니당 ？？,저렴한 가격에 구입했네요잘 마실께요사은품으로 주신 도시락도 이뻐요감사합니당,11,Fall,저렴한 가격에 구입했네요잘 마실께요사은품으로 주신 도시락도 이뻐요감사합니당,41
5,2025-10-18,빠른 배송입니다.코카콜라제로 일반콜라랑 별반차이 없네요.아주 저렴하게 구매했네요.만족합니다.,빠른 배송입니다코카콜라제로 일반콜라랑 별반차이 없네요아주 저렴하게 구매했네요만족합니다,10,Fall,빠른 배송입니다코카콜라제로 일반콜라랑 별반차이 없네요아주 저렴하게 구매했네요만족합니다,47
3,2025-12-30,잘받았습니다. 한동안 잘먹을거같습니다.,잘받았습니다 한동안 잘먹을거같습니다,12,Winter,잘받았습니다 한동안 잘먹을거같습니다,19
5,2025-07-24,거의 매일 마시는 콜라인데 할인행사할 때 저렴하게 잘 구매했어요. 냉장고에 몇캔씩 넣어놓고 시원하게 한캔씩 마시면 극락입니다.,거의 매일 마시는 콜라인데 할인행사할 때 저렴하게 잘 구매했어요 냉장고에 몇캔씩 넣어놓고 시원하게 한캔씩 마시면 극락입니다,7,Summer,거의 매일 마시는 콜라인데 할인행사할 때 저렴하게 잘 구매했어요 냉장고에 몇캔씩 넣어놓고 시원하게 한캔씩 마시면 극락입니다,68
5,2025-07-16,190ml×60개 파손없이 잘 받았습니다탄산음료 마시고 싶을때 적은 용량 한번에 마시기 좋아요,190ml60개 파손없이 잘 받았습니다탄산음료 마시고 싶을때 적은 용량 한번에 마시기 좋아요,7,Summer,190ml60개 파손없이 잘 받았습니다탄산음료 마시고 싶을때 적은 용량 한번에 마시기 좋아요,51
4,2025-12-16,캔에 들어서 더 시원하게 먹을수있고 양도 딱 한번에 먹기에 적당한 190ml여서 계속 재구매하고있어요. 처음으로 일부 누락된 채로 배송이 돼서 귀찮아지긴했지만 그래도 문의 후에 곧바로 다시 보내주셨네요.,캔에 들어서 더 시원하게 먹을수있고 양도 딱 한번에 먹기에 적당한 190ml여서 계속 재구매하고있어요 처음으로 일부 누락된 채로 배송이 돼서 귀찮아지긴했지만 그래도 문의 후에 곧바로 다시 보내주셨네요,12,Winter,캔에 들어서 더 시원하게 먹을수있고 양도 딱 한번에 먹기에 적당한 190ml여서 계속 재구매하고있어요 처음으로 일부 누락된 채로 배송이 돼서 귀찮아지긴했지만 그래도 문의 후에 곧바로 다시 보내주셨네요,111
5,2025-12-24,탄산이 빠질 염려없고 사이즈도 딱맞아 가까운마트에서 자주 구입했는데 우연히 지마켓에 검색하다보니 너무 저렴해서 구입했습니다.덤으로 2026년 달력도 주시고 너무 감사합니다.,탄산이 빠질 염려없고 사이즈도 딱맞아 가까운마트에서 자주 구입했는데 우연히 지마켓에 검색하다보니 너무 저렴해서 구입했습니다덤으로 2026년 달력도 주시고 너무 감사합니다,12,Winter,탄산이 빠질 염려없고 사이즈도 딱맞아 가까운마트에서 자주 구입했는데 우연히 지마켓에 검색하다보니 너무 저렴해서 구입했습니다덤으로 2026년 달력도 주시고 너무 감사합니다,94
5,2026-01-09,저는 일년에 콜라 한 캔을 먹을까 하는데 남편과 아들은 하루에 한 캔씩 먹으니 못 먹게 할 수도 없고 조금이라도 싼 가격에 구매 할 수 밖에 없네요...ㅎㅎㅎ,저는 일년에 콜라 한 캔을 먹을까 하는데 남편과 아들은 하루에 한 캔씩 먹으니 못 먹게 할 수도 없고 조금이라도 싼 가격에 구매 할 수 밖에 없네요,1,Winter,저는 일년에 콜라 한 캔을 먹을까 하는데 남편과 아들은 하루에 한 캔씩 먹으니 못 먹게 할 수도 없고 조금이라도 싼 가격에 구매 할 수 밖에 없네요,82
3,2025-10-22,배송상태도 파손없이 안전하게 잘받았습니다 할인가격이 좋아요 가격대비 매우좋아요 만족합니다 추천합니다 할인을 좀더 많이 했으면 좋겠어요 좋아요 맛있어요 추천합니다 다음에 또 구매할게요,배송상태도 파손없이 안전하게 잘받았습니다 할인가격이 좋아요 가격대비 매우좋아요 만족합니다 추천합니다 할인을 좀더 많이 했으면 좋겠어요 좋아요 맛있어요 추천합니다 다음에 또 구매할게요,10,Fall,배송상태도 파손없이 안전하게 잘받았습니다 할인가격이 좋아요 가격대비 매우좋아요 만족합니다 추천합니다 할인을 좀더 많이 했으면 좋겠어요 좋아요 맛있어요 추천합니다 다음에 또 구매할게요,101
5,2025-11-14,완전짱이쥬!!완전짱이쥬!!완전짱이쥬!!완전짱이쥬!!완전짱이쥬!!완전짱이쥬!!완전짱이쥬!!완전짱이쥬!!완전짱이쥬!!완전짱이쥬!!완전짱이쥬!!완전짱이쥬!!,완전짱이쥬완전짱이쥬완전짱이쥬완전짱이쥬완전짱이쥬완전짱이쥬완전짱이쥬완전짱이쥬완전짱이쥬완전짱이쥬완전짱이쥬완전짱이쥬,11,Fall,완전짱이쥬완전짱이쥬완전짱이쥬완전짱이쥬완전짱이쥬완전짱이쥬완전짱이쥬완전짱이쥬완전짱이쥬완전짱이쥬완전짱이쥬완전짱이쥬,60
5,2025-10-27,항상 먹는 음료라 아직 여유분이 있는데마침 라이브행사 하길래가장 많이 먹는 제로콜라 추가 주문했어요~라이브도 당첨된거 같던대 구입재미가 있네요^^,항상 먹는 음료라 아직 여유분이 있는데마침 라이브행사 하길래가장 많이 먹는 제로콜라 추가 주문했어요라이브도 당첨된거 같던대 구입재미가 있네요,10,Fall,항상 먹는 음료라 아직 여유분이 있는데마침 라이브행사 하길래가장 많이 먹는 제로콜라 추가 주문했어요라이브도 당첨된거 같던대 구입재미가 있네요,78
5,2025-11-05,중간에 맛이 변경되서 베스트 어쩌고 써 있었는데.이번에건 안써있는데 같은 맛일까요? 베스트어쩌고 쓰기 전 버전이 더 나은것 같은 개인취향,중간에 맛이 변경되서 베스트 어쩌고 써 있었는데이번에건 안써있는데 같은 맛일까요 베스트어쩌고 쓰기 전 버전이 더 나은것 같은 개인취향,11,Fall,중간에 맛이 변경되서 베스트 어쩌고 써 있었는데이번에건 안써있는데 같은 맛일까요 베스트어쩌고 쓰기 전 버전이 더 나은것 같은 개인취향,74
5,2025-10-02,제로콜라 맛있어요.사은품 좋아요가격도 배송도 빠르고 좋아요,제로콜라 맛있어요사은품 좋아요가격도 배송도 빠르고 좋아요,10,Fall,제로콜라 맛있어요사은품 좋아요가격도 배송도 빠르고 좋아요,31
5,2025-09-09,"배송,포장상태 모두 만족합니다.유통기한도 넉넉하니 좋네요.강추하며 잘 먹겠습니다 ~~~",배송포장상태 모두 만족합니다유통기한도 넉넉하니 좋네요강추하며 잘 먹겠습니다,9,Fall,배송포장상태 모두 만족합니다유통기한도 넉넉하니 좋네요강추하며 잘 먹겠습니다,41
5,2025-09-20,잘 받았습니다.감사합니다.보너스 상품까지 있어서 굿입니다~~~,잘 받았습니다감사합니다보너스 상품까지 있어서 굿입니다,9,Fall,잘 받았습니다감사합니다보너스 상품까지 있어서 굿입니다,29
5,2025-09-28,제로콜라 없으면 살 맛이 안나는 남편을 위해 쟁여둡니다,제로콜라 없으면 살 맛이 안나는 남편을 위해 쟁여둡니다,9,Fall,제로콜라 없으면 살 맛이 안나는 남편을 위해 쟁여둡니다,30
5,2025-09-17,배송 잘 받았어요 늘 마시는 음료라 계속 주문해요,배송 잘 받았어요 늘 마시는 음료라 계속 주문해요,9,Fall,배송 잘 받았어요 늘 마시는 음료라 계속 주문해요,27
5,2024-10-06,아주좋아요 아주좋아오 아주좋아요 아주좋아오 아주좋아요 아주좋아오,아주좋아요 아주좋아오 아주좋아요 아주좋아오 아주좋아요 아주좋아오,10,Fall,아주좋아요 아주좋아오 아주좋아요 아주좋아오 아주좋아요 아주좋아오,35
5,2025-01-25,할인쿠폰적용해서 저렴하게 샀어요맛있어요,할인쿠폰적용해서 저렴하게 샀어요맛있어요,1,Winter,할인쿠폰적용해서 저렴하게 샀어요맛있어요,21
4,2025-09-30,사은품에 추가적립까지 좋은가격에 잘샀어요 많이 먹지않으려고 작은사이즈 시켰는데 잘 먹을께요,사은품에 추가적립까지 좋은가격에 잘샀어요 많이 먹지않으려고 작은사이즈 시켰는데 잘 먹을께요,9,Fall,사은품에 추가적립까지 좋은가격에 잘샀어요 많이 먹지않으려고 작은사이즈 시켰는데 잘 먹을께요,50
4,2025-10-03,코카콜라 제로 저렴하게 구매했어요 다마시면 또 저렴하게 구매하고싶어요,코카콜라 제로 저렴하게 구매했어요 다마시면 또 저렴하게 구매하고싶어요,10,Fall,코카콜라 제로 저렴하게 구매했어요 다마시면 또 저렴하게 구매하고싶어요,38
5,2026-01-13,뽐뿌 누가 공유해서 저렴해서 샀더니. 오늘 천원더 내려서 올라온거보고 아깝 ㅋ유통기한은 1년이 안되고 조금 짧네요.. 10개월,뽐뿌 누가 공유해서 저렴해서 샀더니 오늘 천원더 내려서 올라온거보고 아깝 유통기한은 1년이 안되고 조금 짧네요 10개월,1,Winter,뽐뿌 누가 공유해서 저렴해서 샀더니 오늘 천원더 내려서 올라온거보고 아깝 유통기한은 1년이 안되고 조금 짧네요 10개월,66
5,2026-01-04,잘받았습니다 잘받았습니다 잘받았습니다 잘받았습니다 잘받았습니다 잘받았습니다 잘받았습니다 잘받았습니다 잘받았습니다 잘받았습니다,잘받았습니다 잘받았습니다 잘받았습니다 잘받았습니다 잘받았습니다 잘받았습니다 잘받았습니다 잘받았습니다 잘받았습니다 잘받았습니다,1,Winter,잘받았습니다 잘받았습니다 잘받았습니다 잘받았습니다 잘받았습니다 잘받았습니다 잘받았습니다 잘받았습니다 잘받았습니다 잘받았습니다,69
5,2026-01-10,마르고 안전한 배송 감사합니다. 좋은 가격에 구매했어요.너무 크면 남아서 한번에 마시기에 190ml 딱 좋은 거 같아요.,마르고 안전한 배송 감사합니다 좋은 가격에 구매했어요너무 크면 남아서 한번에 마시기에 190ml 딱 좋은 거 같아요,1,Winter,마르고 안전한 배송 감사합니다 좋은 가격에 구매했어요너무 크면 남아서 한번에 마시기에 190ml 딱 좋은 거 같아요,64
5,2025-12-18,배송 하루만에 왔구요 캔도 거의 찌그러짐없이 잘 도착했습니다한번에 마시기 좋은 양이고 달력도 이쁘네요,배송 하루만에 왔구요 캔도 거의 찌그러짐없이 잘 도착했습니다한번에 마시기 좋은 양이고 달력도 이쁘네요,12,Winter,배송 하루만에 왔구요 캔도 거의 찌그러짐없이 잘 도착했습니다한번에 마시기 좋은 양이고 달력도 이쁘네요,56
5,2025-12-29,배송도 빠르고상품도 신선하고 너무 마음에 들어요~앞으로 자주 이용할거 같네요~감사합니다~^^,배송도 빠르고상품도 신선하고 너무 마음에 들어요앞으로 자주 이용할거 같네요감사합니다,12,Winter,배송도 빠르고상품도 신선하고 너무 마음에 들어요앞으로 자주 이용할거 같네요감사합니다,46
5,2025-10-17,콜라를 마트에서 사먹으면 큰 사이즈를 사게되는데 항상 남아서 작은 캔으로 구입했어요. 제로인지 못보고 샀는데 상각보다 괜찮네요. 수육할때도 넣고 삶았더니 고기가 염하고 맛있었어요. 사은품도 유용하게 잘 쓰겠어요.,콜라를 마트에서 사먹으면 큰 사이즈를 사게되는데 항상 남아서 작은 캔으로 구입했어요 제로인지 못보고 샀는데 상각보다 괜찮네요 수육할때도 넣고 삶았더니 고기가 염하고 맛있었어요 사은품도 유용하게 잘 쓰겠어요,10,Fall,콜라를 마트에서 사먹으면 큰 사이즈를 사게되는데 항상 남아서 작은 캔으로 구입했어요 제로인지 못보고 샀는데 상각보다 괜찮네요 수육할때도 넣고 삶았더니 고기가 염하고 맛있었어요 사은품도 유용하게 잘 쓰겠어요,114
5,2025-11-19,항상 쟁여둬요 요새 물가가 너무 올라서 할인할 때 아님 비싸서 못사요ㅜ 할인행사 자주 하면 좋겠어요,항상 쟁여둬요 요새 물가가 너무 올라서 할인할 때 아님 비싸서 못사요 할인행사 자주 하면 좋겠어요,11,Fall,항상 쟁여둬요 요새 물가가 너무 올라서 할인할 때 아님 비싸서 못사요 할인행사 자주 하면 좋겠어요,54
5,2025-11-14,콜라 30개 구매했더니 한동안 잘 먹을 것 같습니다.시중 구매가격보다 저렴한 듯 하여 만족합니다.,콜라 30개 구매했더니 한동안 잘 먹을 것 같습니다시중 구매가격보다 저렴한 듯 하여 만족합니다,11,Fall,콜라 30개 구매했더니 한동안 잘 먹을 것 같습니다시중 구매가격보다 저렴한 듯 하여 만족합니다,52
5,2025-11-17,몸에 새로운 설탕이 한 톨도 들어 가지 않은 좋은 콜라제로콜라는 건강에 도움을 주는 고마운 콜라,몸에 새로운 설탕이 한 톨도 들어 가지 않은 좋은 콜라제로콜라는 건강에 도움을 주는 고마운 콜라,11,Fall,몸에 새로운 설탕이 한 톨도 들어 가지 않은 좋은 콜라제로콜라는 건강에 도움을 주는 고마운 콜라,53
5,2025-11-14,배송이 빠르고 좋아요 만족합니다 많이파세요!이벤트 당첨과는 거리가 먼듯 그래도 쟁여두고 먹습니다,배송이 빠르고 좋아요 만족합니다 많이파세요이벤트 당첨과는 거리가 먼듯 그래도 쟁여두고 먹습니다,11,Fall,배송이 빠르고 좋아요 만족합니다 많이파세요이벤트 당첨과는 거리가 먼듯 그래도 쟁여두고 먹습니다,52
5,2025-06-04,"2박스를 주문했는데 1박스만 먼저 온거예요. 주문내역을 다시 확인하고 이건 누락이다!! 생각하고 배송누락을 눌렀는데 바로 다음날 다른 제품과 함께 배송되었습니다. 누락없는 만족 배송, 아주 좋아요!유통기한은 27년 4월까지로 여유로워요. 그 전에 다 먹고 주문할게요~",2박스를 주문했는데 1박스만 먼저 온거예요 주문내역을 다시 확인하고 이건 누락이다 생각하고 배송누락을 눌렀는데 바로 다음날 다른 제품과 함께 배송되었습니다 누락없는 만족 배송 아주 좋아요유통기한은 27년 4월까지로 여유로워요 그 전에 다 먹고 주문할게요,6,Summer,2박스를 주문했는데 1박스만 먼저 온거예요 주문내역을 다시 확인하고 이건 누락이다 생각하고 배송누락을 눌렀는데 바로 다음날 다른 제품과 함께 배송되었습니다 누락없는 만족 배송 아주 좋아요유통기한은 27년 4월까지로 여유로워요 그 전에 다 먹고 주문할게요,141
5,2025-09-10,좋아요 잘먹을께요.. 추천합니다..,좋아요 잘먹을께요 추천합니다,9,Fall,좋아요 잘먹을께요 추천합니다,15
5,2025-08-21,여름이라 많이 마셔지네요,여름이라 많이 마셔지네요,8,Summer,여름이라 많이 마셔지네요,13
5,2025-09-04,재구매로 맛있게먹어요,재구매로 맛있게먹어요,9,Fall,재구매로 맛있게먹어요,11
4,2025-12-09,제코를 자주 먹는지라 쟁겨둡니다. 쥐마켓에서 개인카드 할인까지 적용되어 저렴하게 구매했습니다.,제코를 자주 먹는지라 쟁겨둡니다 쥐마켓에서 개인카드 할인까지 적용되어 저렴하게 구매했습니다,12,Winter,제코를 자주 먹는지라 쟁겨둡니다 쥐마켓에서 개인카드 할인까지 적용되어 저렴하게 구매했습니다,50
5,2026-01-14,저렴하게 구입 했어요 배송도 무척 빠르고 좋네요 맛있어요,저렴하게 구입 했어요 배송도 무척 빠르고 좋네요 맛있어요,1,Winter,저렴하게 구입 했어요 배송도 무척 빠르고 좋네요 맛있어요,31
5,2026-01-14,배송도 빠르고 키링도 귀엽네요 저렴하게 구매했어요,배송도 빠르고 키링도 귀엽네요 저렴하게 구매했어요,1,Winter,배송도 빠르고 키링도 귀엽네요 저렴하게 구매했어요,27
5,2026-01-17,시중보다 저렴합니다아들이 관리중이라 구매했습니다,시중보다 저렴합니다아들이 관리중이라 구매했습니다,1,Winter,시중보다 저렴합니다아들이 관리중이라 구매했습니다,26
5,2026-01-13,할인 행사 하길래 사봤어요. 맛이 좋네요,할인 행사 하길래 사봤어요 맛이 좋네요,1,Winter,할인 행사 하길래 사봤어요 맛이 좋네요,21
5,2026-01-14,여기가 제일 싼거같아요 증정품도 예쁘고,여기가 제일 싼거같아요 증정품도 예쁘고,1,Winter,여기가 제일 싼거같아요 증정품도 예쁘고,21
5,2026-01-09,배송빠르고 좋아요 저렴하게 잘 구입했네요 잘먹겠습니다,배송빠르고 좋아요 저렴하게 잘 구입했네요 잘먹겠습니다,1,Winter,배송빠르고 좋아요 저렴하게 잘 구입했네요 잘먹겠습니다,29
5,2026-01-11,코카콜라제로 적당한 용량 시원하고 깔끔한 맛 좋아요,코카콜라제로 적당한 용량 시원하고 깔끔한 맛 좋아요,1,Winter,코카콜라제로 적당한 용량 시원하고 깔끔한 맛 좋아요,28
5,2026-01-09,배송잘받앗어요잘먹을게요코카콜라가맛잇네요빨리먹고싶네요,배송잘받앗어요잘먹을게요코카콜라가맛잇네요빨리먹고싶네요,1,Winter,배송잘받앗어요잘먹을게요코카콜라가맛잇네요빨리먹고싶네요,28
5,2026-01-09,코카콜라 제로 잘 받았습니다. 감사합니다.,코카콜라 제로 잘 받았습니다 감사합니다,1,Winter,코카콜라 제로 잘 받았습니다 감사합니다,21
5,2026-01-09,배송 빠르고 상품 좋아요. 감사합니다.,배송 빠르고 상품 좋아요 감사합니다,1,Winter,배송 빠르고 상품 좋아요 감사합니다,19
5,2026-01-08,계속 마시는 거라 한개밖에 안 남았기에 주문했는데 배송이 빠르고 좋습니다,계속 마시는 거라 한개밖에 안 남았기에 주문했는데 배송이 빠르고 좋습니다,1,Winter,계속 마시는 거라 한개밖에 안 남았기에 주문했는데 배송이 빠르고 좋습니다,40
5,2026-01-06,제로 콜라 늘 재구매합니다 신랑이 하루 한캔 늘 마셔요,제로 콜라 늘 재구매합니다 신랑이 하루 한캔 늘 마셔요,1,Winter,제로 콜라 늘 재구매합니다 신랑이 하루 한캔 늘 마셔요,30
5,2026-01-07,잘받았습니다.유통기한은 26년 10월 입니다.,잘받았습니다유통기한은 26년 10월 입니다,1,Winter,잘받았습니다유통기한은 26년 10월 입니다,23
5,2026-01-08,해마다 코카콜라 달력이 빨강이라 꼭 챙겨요,해마다 코카콜라 달력이 빨강이라 꼭 챙겨요,1,Winter,해마다 코카콜라 달력이 빨강이라 꼭 챙겨요,23
5,2026-01-07,콜라 중독자라 없으면 안돼서 계속 마심..,콜라 중독자라 없으면 안돼서 계속 마심,1,Winter,콜라 중독자라 없으면 안돼서 계속 마심,21
5,2026-01-02,생각보다 배송 빠르게 잘 왔어요 캔이 터진것 없이 무사히 배송 잘 와서 만족합니다.굿,생각보다 배송 빠르게 잘 왔어요 캔이 터진것 없이 무사히 배송 잘 와서 만족합니다굿,1,Winter,생각보다 배송 빠르게 잘 왔어요 캔이 터진것 없이 무사히 배송 잘 와서 만족합니다굿,46
5,2026-01-01,잘 받았습니다 플라스틱300ml를 마시다가 김빠짐이 없을 것같아 캔으로 바꿔봤습니다,잘 받았습니다 플라스틱300ml를 마시다가 김빠짐이 없을 것같아 캔으로 바꿔봤습니다,1,Winter,잘 받았습니다 플라스틱300ml를 마시다가 김빠짐이 없을 것같아 캔으로 바꿔봤습니다,46
5,2026-01-01,너무 비싸면 타사꺼 먹는데핫딜에만 콜라사먹습니다,너무 비싸면 타사꺼 먹는데핫딜에만 콜라사먹습니다,1,Winter,너무 비싸면 타사꺼 먹는데핫딜에만 콜라사먹습니다,26
5,2026-01-05,처음 구매로~ 제로콜라 잘 마시겠습니다!~^*,처음 구매로 제로콜라 잘 마시겠습니다,1,Winter,처음 구매로 제로콜라 잘 마시겠습니다,20
5,2026-01-01,진짜 칼로리 제로네요! 맘편하게 마시겠어요,진짜 칼로리 제로네요 맘편하게 마시겠어요,1,Winter,진짜 칼로리 제로네요 맘편하게 마시겠어요,22
5,2025-12-21,"이왕 사먹을 콜라, 달력까지 챙겨주는 센스 좋아요!!",이왕 사먹을 콜라 달력까지 챙겨주는 센스 좋아요,12,Winter,이왕 사먹을 콜라 달력까지 챙겨주는 센스 좋아요,26
5,2025-12-26,달력 준다고 해서 주문했어요 간단하게 먹기 좋아요,달력 준다고 해서 주문했어요 간단하게 먹기 좋아요,12,Winter,달력 준다고 해서 주문했어요 간단하게 먹기 좋아요,27
5,2025-12-29,잘 마실겠습니다~ 추워도 시원한 음료는 땡기는~,잘 마실겠습니다 추워도 시원한 음료는 땡기는,12,Winter,잘 마실겠습니다 추워도 시원한 음료는 땡기는,24
5,2025-12-29,빠른배송 감사합니다 다음에 또 구입할께요,빠른배송 감사합니다 다음에 또 구입할께요,12,Winter,빠른배송 감사합니다 다음에 또 구입할께요,22
5,2025-12-19,캔음료수 잘 받았습니다 배송도 빠르고 제품도 맘에듭니다 사은품도 잘 받았습니다 감사합니다,캔음료수 잘 받았습니다 배송도 빠르고 제품도 맘에듭니다 사은품도 잘 받았습니다 감사합니다,12,Winter,캔음료수 잘 받았습니다 배송도 빠르고 제품도 맘에듭니다 사은품도 잘 받았습니다 감사합니다,49
5,2025-12-21,저렴하게 잘 샀습니다 탁상달력있어서 타사이트보다 좀더비샀어요 배송도 빠르고 잘받았어요,저렴하게 잘 샀습니다 탁상달력있어서 타사이트보다 좀더비샀어요 배송도 빠르고 잘받았어요,12,Winter,저렴하게 잘 샀습니다 탁상달력있어서 타사이트보다 좀더비샀어요 배송도 빠르고 잘받았어요,47
5,2025-12-21,가성비갑 고맙습니다 감사합니다 잘쓰겠습니다 감사합니다 ㅎㅎ 네,가성비갑 고맙습니다 감사합니다 잘쓰겠습니다 감사합니다 네,12,Winter,가성비갑 고맙습니다 감사합니다 잘쓰겠습니다 감사합니다 네,31
5,2025-12-21,달력도 증정받고 저렴한 가격으로 구매 하였습니다.,달력도 증정받고 저렴한 가격으로 구매 하였습니다,12,Winter,달력도 증정받고 저렴한 가격으로 구매 하였습니다,26
5,2025-12-20,배송도 빠르고 달력도 주시니 고맙습니다요,배송도 빠르고 달력도 주시니 고맙습니다요,12,Winter,배송도 빠르고 달력도 주시니 고맙습니다요,22
5,2025-12-16,증정품은 안 왔네요 ㅠㅠ 그래도 콜라가 맛있어서 좋네요 ㅎㅎ,증정품은 안 왔네요 그래도 콜라가 맛있어서 좋네요,12,Winter,증정품은 안 왔네요 그래도 콜라가 맛있어서 좋네요,27
5,2025-12-15,원래 펩시제로 마시는데 달력이 필요해서 주문했어요.,원래 펩시제로 마시는데 달력이 필요해서 주문했어요,12,Winter,원래 펩시제로 마시는데 달력이 필요해서 주문했어요,27
5,2025-12-18,빠르고 안전하게 잘 받았습니다 많이 파세요,빠르고 안전하게 잘 받았습니다 많이 파세요,12,Winter,빠르고 안전하게 잘 받았습니다 많이 파세요,23
5,2025-12-16,제로 저렴하게 잘 구매했어요 아주 맛있어요,제로 저렴하게 잘 구매했어요 아주 맛있어요,12,Winter,제로 저렴하게 잘 구매했어요 아주 맛있어요,23
5,2025-12-12,용량도 적당하고 언제부턴가 제로만 마시게 되네요탄산음료 생각날때 시원하게 한 캔씩 맛있어요,용량도 적당하고 언제부턴가 제로만 마시게 되네요탄산음료 생각날때 시원하게 한 캔씩 맛있어요,12,Winter,용량도 적당하고 언제부턴가 제로만 마시게 되네요탄산음료 생각날때 시원하게 한 캔씩 맛있어요,50
5,2025-12-13,늘 먹던 제품이라 안심하고 구매합니다빠른배송 감사드려요사은품 오븐 장갑 너무 이뻐요,늘 먹던 제품이라 안심하고 구매합니다빠른배송 감사드려요사은품 오븐 장갑 너무 이뻐요,12,Winter,늘 먹던 제품이라 안심하고 구매합니다빠른배송 감사드려요사은품 오븐 장갑 너무 이뻐요,46
5,2025-12-06,코카콜라 맛잇다 아주 좋아짐탄산량만조금더 많아지면 오리지널보다 맛잇어질듯,코카콜라 맛잇다 아주 좋아짐탄산량만조금더 많아지면 오리지널보다 맛잇어질듯,12,Winter,코카콜라 맛잇다 아주 좋아짐탄산량만조금더 많아지면 오리지널보다 맛잇어질듯,40
5,2025-12-15,배송도 빠르고 제품도 안 터지게 안전하게 도착했습니다. 적극 추천해요!,배송도 빠르고 제품도 안 터지게 안전하게 도착했습니다 적극 추천해요,12,Winter,배송도 빠르고 제품도 안 터지게 안전하게 도착했습니다 적극 추천해요,37
5,2025-12-05,가격좋고 맛도 좋고 간편하게 마시기 좋아요,가격좋고 맛도 좋고 간편하게 마시기 좋아요,12,Winter,가격좋고 맛도 좋고 간편하게 마시기 좋아요,23
5,2025-12-01,배송 빨라좋구요~~^^세일할때 쟁여두고 잘먹겠습니다 ^^,배송 빨라좋구요세일할때 쟁여두고 잘먹겠습니다,12,Winter,배송 빨라좋구요세일할때 쟁여두고 잘먹겠습니다,24
5,2025-12-03,콜라는 제로가 정답입니다 많이 먹어도 부담없어요,콜라는 제로가 정답입니다 많이 먹어도 부담없어요,12,Winter,콜라는 제로가 정답입니다 많이 먹어도 부담없어요,26
5,2025-11-28,코카콜라제로 항상 잘 먹고 있습니다감사합니다,코카콜라제로 항상 잘 먹고 있습니다감사합니다,11,Fall,코카콜라제로 항상 잘 먹고 있습니다감사합니다,24
5,2025-11-28,190ml 짜리가 시원하게 꿀꺽하기 좋네요,190ml 짜리가 시원하게 꿀꺽하기 좋네요,11,Fall,190ml 짜리가 시원하게 꿀꺽하기 좋네요,23
5,2025-11-30,아요 굿이레요 잘물께요 감사해우 고납소,아요 굿이레요 잘물께요 감사해우 고납소,11,Fall,아요 굿이레요 잘물께요 감사해우 고납소,21
5,2025-11-26,"만족합니다. 다만 구매하자마자 34,000원이 되버리네요..",만족합니다 다만 구매하자마자 34000원이 되버리네요,11,Fall,만족합니다 다만 구매하자마자 34000원이 되버리네요,29
5,2025-11-25,이번에는 제로콜라고샀습니다배송도 빠르게 잘받았습니다,이번에는 제로콜라고샀습니다배송도 빠르게 잘받았습니다,11,Fall,이번에는 제로콜라고샀습니다배송도 빠르게 잘받았습니다,28
5,2025-11-27,수량도 많고 가격도 좋아서 집에 항상 두고 먹어요,수량도 많고 가격도 좋아서 집에 항상 두고 먹어요,11,Fall,수량도 많고 가격도 좋아서 집에 항상 두고 먹어요,27
5,2025-11-26,음식 시킬 때나 그럴때 같이 곁들여 먹기 좋아요,음식 시킬 때나 그럴때 같이 곁들여 먹기 좋아요,11,Fall,음식 시킬 때나 그럴때 같이 곁들여 먹기 좋아요,26
5,2025-11-25,가격이 점점 올라가는것 같아서 짜증나네요,가격이 점점 올라가는것 같아서 짜증나네요,11,Fall,가격이 점점 올라가는것 같아서 짜증나네요,22
5,2025-11-17,행사해서 저렴하길래 미리 한박스 더 샀어요. 제로콜라 늘 구비해둡니다.,행사해서 저렴하길래 미리 한박스 더 샀어요 제로콜라 늘 구비해둡니다,11,Fall,행사해서 저렴하길래 미리 한박스 더 샀어요 제로콜라 늘 구비해둡니다,37
5,2025-11-20,역시 콜라는 코카콜라죠 저렴한 가격에 사서 만족합니다.,역시 콜라는 코카콜라죠 저렴한 가격에 사서 만족합니다,11,Fall,역시 콜라는 코카콜라죠 저렴한 가격에 사서 만족합니다,29
5,2025-11-19,항상 쟁여두고 먹어요 비싸서 세일할때 얼른 사야해요!,항상 쟁여두고 먹어요 비싸서 세일할때 얼른 사야해요,11,Fall,항상 쟁여두고 먹어요 비싸서 세일할때 얼른 사야해요,28
5,2025-11-20,이번에 행사로 저렴하게 구매해서 너무 좋아요^^,이번에 행사로 저렴하게 구매해서 너무 좋아요,11,Fall,이번에 행사로 저렴하게 구매해서 너무 좋아요,24
5,2025-11-21,딸아이가 좋아해서 자주 구입해서 먹고 있어요,딸아이가 좋아해서 자주 구입해서 먹고 있어요,11,Fall,딸아이가 좋아해서 자주 구입해서 먹고 있어요,24
5,2025-11-14,재구매합니다 특가 자주 띄워주시면 좋겠습니다많이파세요~,재구매합니다 특가 자주 띄워주시면 좋겠습니다많이파세요,11,Fall,재구매합니다 특가 자주 띄워주시면 좋겠습니다많이파세요,29
5,2025-11-17,굿이에여 잘 먹고 있어요 감사합니다 사장님 안녕하세요,굿이에여 잘 먹고 있어요 감사합니다 사장님 안녕하세요,11,Fall,굿이에여 잘 먹고 있어요 감사합니다 사장님 안녕하세요,29
5,2025-11-15,남편이 너무 좋아하는 제로콜라 입니다 ㅎㅎ최고예요,남편이 너무 좋아하는 제로콜라 입니다 최고예요,11,Fall,남편이 너무 좋아하는 제로콜라 입니다 최고예요,25
5,2025-11-13,박스당 만천원 내외로 잘 구매한듯해서 좋네요.,박스당 만천원 내외로 잘 구매한듯해서 좋네요,11,Fall,박스당 만천원 내외로 잘 구매한듯해서 좋네요,24
5,2025-11-16,이것만 먹어요한번에 먹기 적당한 양이에요,이것만 먹어요한번에 먹기 적당한 양이에요,11,Fall,이것만 먹어요한번에 먹기 적당한 양이에요,22
5,2025-11-12,홍만이가 들면 요쿠르트 일거 같아요190이 이렇게 작은건지 몰랐네요 ㅎ도시락통은 좋아요 ㅋ,홍만이가 들면 요쿠르트 일거 같아요190이 이렇게 작은건지 몰랐네요 도시락통은 좋아요,11,Fall,홍만이가 들면 요쿠르트 일거 같아요190이 이렇게 작은건지 몰랐네요 도시락통은 좋아요,47
5,2025-11-11,저렴하게 잘 구입했습니다. 나중에 구입할 예정입니다.,저렴하게 잘 구입했습니다 나중에 구입할 예정입니다,11,Fall,저렴하게 잘 구입했습니다 나중에 구입할 예정입니다,27
5,2025-11-12,매우좋아요. 빠른배송 잘받았습니다.굿입니다,매우좋아요 빠른배송 잘받았습니다굿입니다,11,Fall,매우좋아요 빠른배송 잘받았습니다굿입니다,21
5,2025-11-12,아주좋아요. 빠른배송 잘받았습니다.굿입니다,아주좋아요 빠른배송 잘받았습니다굿입니다,11,Fall,아주좋아요 빠른배송 잘받았습니다굿입니다,21
5,2025-11-12,좋아요. 빠른배송 잘받았습니다.굿입니다,좋아요 빠른배송 잘받았습니다굿입니다,11,Fall,좋아요 빠른배송 잘받았습니다굿입니다,19
5,2025-11-11,펩시제로만 먹다가 제로콜라 샀는데 단맛은 덜하고 오리지날 느낌은 있고 음 싸게 사서 만조큐,펩시제로만 먹다가 제로콜라 샀는데 단맛은 덜하고 오리지날 느낌은 있고 음 싸게 사서 만조큐,11,Fall,펩시제로만 먹다가 제로콜라 샀는데 단맛은 덜하고 오리지날 느낌은 있고 음 싸게 사서 만조큐,50
5,2025-11-11,한박스는 세워넣는군요. 제품에는 전혀 영향이 없었습니다.,한박스는 세워넣는군요 제품에는 전혀 영향이 없었습니다,11,Fall,한박스는 세워넣는군요 제품에는 전혀 영향이 없었습니다,29
5,2025-11-11,콜라는 역시 코카콜라죠..탄산이 입안가득 좋아요.,콜라는 역시 코카콜라죠탄산이 입안가득 좋아요,11,Fall,콜라는 역시 코카콜라죠탄산이 입안가득 좋아요,24
5,2025-11-10,늘 마시던 제품 저렴하게 잘 구매했어요,늘 마시던 제품 저렴하게 잘 구매했어요,11,Fall,늘 마시던 제품 저렴하게 잘 구매했어요,21
5,2025-11-10,빅세일이라 할인 많아서 2박스 쟁여놨어요~~거기다 사은품까지 말해뭐해요 당장 사야죠,빅세일이라 할인 많아서 2박스 쟁여놨어요거기다 사은품까지 말해뭐해요 당장 사야죠,11,Fall,빅세일이라 할인 많아서 2박스 쟁여놨어요거기다 사은품까지 말해뭐해요 당장 사야죠,44
5,2025-11-09,한번에 마시기 딱조은 양이라 조아요 냉장고 필수쟁여템,한번에 마시기 딱조은 양이라 조아요 냉장고 필수쟁여템,11,Fall,한번에 마시기 딱조은 양이라 조아요 냉장고 필수쟁여템,29
5,2025-11-08,한달에 두번씩은 꼭 시키는거 같아요 ㅋㅋ,한달에 두번씩은 꼭 시키는거 같아요,11,Fall,한달에 두번씩은 꼭 시키는거 같아요,19
5,2025-11-08,저렴하게 잘샀어요. 맛있어요. 자주살게요,저렴하게 잘샀어요 맛있어요 자주살게요,11,Fall,저렴하게 잘샀어요 맛있어요 자주살게요,20
5,2025-11-07,작아서 남기지 않고 한번에 먹기 좋습니다,작아서 남기지 않고 한번에 먹기 좋습니다,11,Fall,작아서 남기지 않고 한번에 먹기 좋습니다,22
5,2025-11-06,식구들이 좋아해서 떨어질때 마다 구매해요^^ 잘먹고 있어요,식구들이 좋아해서 떨어질때 마다 구매해요 잘먹고 있어요,11,Fall,식구들이 좋아해서 떨어질때 마다 구매해요 잘먹고 있어요,30
5,2025-11-05,역시 제로 코카콜라 맛나요 굿굿 또 주문하러 올게요,역시 제로 코카콜라 맛나요 굿굿 또 주문하러 올게요,11,Fall,역시 제로 코카콜라 맛나요 굿굿 또 주문하러 올게요,28
5,2025-11-04,적은 양이라 좋아요한번에 먹기 부담스럽지 않아요,적은 양이라 좋아요한번에 먹기 부담스럽지 않아요,11,Fall,적은 양이라 좋아요한번에 먹기 부담스럽지 않아요,26
5,2025-11-05,사은품 넘 귀엽네요실용성있ㄴ는거 주니 좋네요,사은품 넘 귀엽네요실용성있는거 주니 좋네요,11,Fall,사은품 넘 귀엽네요실용성있는거 주니 좋네요,23
5,2025-11-05,잘받았어요잘받았어요잘받았어요 잘받았어요,잘받았어요잘받았어요잘받았어요 잘받았어요,11,Fall,잘받았어요잘받았어요잘받았어요 잘받았어요,21
5,2025-11-01,코카콜라 제로가 제일 맛있어요 용량도 적당하고 배송도 빨라서 자주 이용합니다 추천해요,코카콜라 제로가 제일 맛있어요 용량도 적당하고 배송도 빨라서 자주 이용합니다 추천해요,11,Fall,코카콜라 제로가 제일 맛있어요 용량도 적당하고 배송도 빨라서 자주 이용합니다 추천해요,47
5,2025-11-04,제로라도 맛있는 코카콜라게다가 이쁜 도시락 선물까지~~넘 감사합니다.,제로라도 맛있는 코카콜라게다가 이쁜 도시락 선물까지넘 감사합니다,11,Fall,제로라도 맛있는 코카콜라게다가 이쁜 도시락 선물까지넘 감사합니다,35
5,2025-11-04,없으면 불안합니다!! 그래서 매번 떨이지지 않게 구매합니다,없으면 불안합니다 그래서 매번 떨이지지 않게 구매합니다,11,Fall,없으면 불안합니다 그래서 매번 떨이지지 않게 구매합니다,30
5,2025-11-01,배송도 빠르고 포장도 깔끔해서 좋습니다 추천합니다,배송도 빠르고 포장도 깔끔해서 좋습니다 추천합니다,11,Fall,배송도 빠르고 포장도 깔끔해서 좋습니다 추천합니다,27
5,2025-11-02,엄청 싸개 잘샀네요! 도시락통 서비스두 좋아뇨!,엄청 싸개 잘샀네요 도시락통 서비스두 좋아뇨,11,Fall,엄청 싸개 잘샀네요 도시락통 서비스두 좋아뇨,24
5,2025-10-31,도시락 못받았어요 ㅜㅜ아까비 아까비나 사은품 좋아하는데 ㅜㅜ ㅋㅋ우째 이런일이,도시락 못받았어요 아까비 아까비나 사은품 좋아하는데 우째 이런일이,10,Fall,도시락 못받았어요 아까비 아까비나 사은품 좋아하는데 우째 이런일이,36
5,2025-10-29,매번 구매합니다 ㅋㅋㅋ마싯어요!! 배송 빠르게 잘 받았습니당ㅋㅋㅋ,매번 구매합니다 마싯어요 배송 빠르게 잘 받았습니당,10,Fall,매번 구매합니다 마싯어요 배송 빠르게 잘 받았습니당,28
5,2025-10-25,역시 코카콜라는 못끊어요 제로라서 부담없이 먹어요,역시 코카콜라는 못끊어요 제로라서 부담없이 먹어요,10,Fall,역시 코카콜라는 못끊어요 제로라서 부담없이 먹어요,27
5,2025-10-29,슈팅배송에 좋은가격 늘 애용하고 있습니다,슈팅배송에 좋은가격 늘 애용하고 있습니다,10,Fall,슈팅배송에 좋은가격 늘 애용하고 있습니다,22
5,2025-10-27,항상 쟁여둬야하는 콜라 ㅋ 제로라 좋아요,항상 쟁여둬야하는 콜라 제로라 좋아요,10,Fall,항상 쟁여둬야하는 콜라 제로라 좋아요,20
5,2025-10-13,연휴기간이었음에도 배송도 빨랐고 유통기한도 충분히 넉넉합니다. 냉장고에 항상 채워넣고 시원하게 마시고있어요. 이제 습관이 된 정도로 자주 마시네요ㅋㅋ,연휴기간이었음에도 배송도 빨랐고 유통기한도 충분히 넉넉합니다 냉장고에 항상 채워넣고 시원하게 마시고있어요 이제 습관이 된 정도로 자주 마시네요,10,Fall,연휴기간이었음에도 배송도 빨랐고 유통기한도 충분히 넉넉합니다 냉장고에 항상 채워넣고 시원하게 마시고있어요 이제 습관이 된 정도로 자주 마시네요,79
5,2025-10-23,예전에는 뭔가 밍밍하고 그랬는데 지금은 밍밍함도 없어지고 탄산도 쌔네요,예전에는 뭔가 밍밍하고 그랬는데 지금은 밍밍함도 없어지고 탄산도 쌔네요,10,Fall,예전에는 뭔가 밍밍하고 그랬는데 지금은 밍밍함도 없어지고 탄산도 쌔네요,39
5,2025-10-22,배송도 빠르고 저렴하게 산것 같아서 좋네요 잘 먹겠습니다,배송도 빠르고 저렴하게 산것 같아서 좋네요 잘 먹겠습니다,10,Fall,배송도 빠르고 저렴하게 산것 같아서 좋네요 잘 먹겠습니다,31
5,2025-10-24,배송 빨라서 좋고 가격도 저렴해 좋아요,배송 빨라서 좋고 가격도 저렴해 좋아요,10,Fall,배송 빨라서 좋고 가격도 저렴해 좋아요,21
5,2025-10-23,잘 받았습니다 배송 하루만에 왔어요 ~,잘 받았습니다 배송 하루만에 왔어요,10,Fall,잘 받았습니다 배송 하루만에 왔어요,19
5,2024-11-08,늘 콜라 제로맛 만 ~~~ 의사샘이 마실거면 제로음료수 마시라길래~ 무거운데 집까지 배송 해줘서 감사해요 용량도 한 번에 마시기 딱 좋습니다 좋아요,늘 콜라 제로맛 만 의사샘이 마실거면 제로음료수 마시라길래 무거운데 집까지 배송 해줘서 감사해요 용량도 한 번에 마시기 딱 좋습니다 좋아요,11,Fall,늘 콜라 제로맛 만 의사샘이 마실거면 제로음료수 마시라길래 무거운데 집까지 배송 해줘서 감사해요 용량도 한 번에 마시기 딱 좋습니다 좋아요,77
5,2025-07-15,배송도 빠르고 포장상태도 꼼꼼하며 유통기한도 넉넉하니 좋네요.정말 저렴하게 구매해서 두배로 기분 최고^^~ 강추하며 잘 먹겠습니다 ~~~,배송도 빠르고 포장상태도 꼼꼼하며 유통기한도 넉넉하니 좋네요정말 저렴하게 구매해서 두배로 기분 최고 강추하며 잘 먹겠습니다,7,Summer,배송도 빠르고 포장상태도 꼼꼼하며 유통기한도 넉넉하니 좋네요정말 저렴하게 구매해서 두배로 기분 최고 강추하며 잘 먹겠습니다,68
5,2025-09-10,후기도 없고 사진도 작아서 미니사이즈인줄 알았는데 실사용가능할정도로 커요 그리고 플라스틱아니고 철판임 라방에서도 실물없어서 이거삼,후기도 없고 사진도 작아서 미니사이즈인줄 알았는데 실사용가능할정도로 커요 그리고 플라스틱아니고 철판임 라방에서도 실물없어서 이거삼,9,Fall,후기도 없고 사진도 작아서 미니사이즈인줄 알았는데 실사용가능할정도로 커요 그리고 플라스틱아니고 철판임 라방에서도 실물없어서 이거삼,72
1,2025-07-16,터져서 왔습니다 반품하기 귀찮아. 그냥 다 씻어서 냉장고에 넣어야 되겠네요,터져서 왔습니다 반품하기 귀찮아 그냥 다 씻어서 냉장고에 넣어야 되겠네요,7,Summer,터져서 왔습니다 반품하기 귀찮아 그냥 다 씻어서 냉장고에 넣어야 되겠네요,40
1,2025-08-29,전국 각 물류센터를 돌아다니다가 일주일만에 도착,전국 각 물류센터를 돌아다니다가 일주일만에 도착,8,Summer,전국 각 물류센터를 돌아다니다가 일주일만에 도착,26
4,2026-01-07,맛은 살짝 다르지만 칼로리때문에 제로를 마십니다. 배송도 빠르고 가격도 행사해서 좋네요,맛은 살짝 다르지만 칼로리때문에 제로를 마십니다 배송도 빠르고 가격도 행사해서 좋네요,1,Winter,맛은 살짝 다르지만 칼로리때문에 제로를 마십니다 배송도 빠르고 가격도 행사해서 좋네요,47
4,2026-01-07,피자나 치킨에는 코카콜라가 제일 좋네요.가격이 타사에 비해 비싸긴 하지만 맛있습니다.,피자나 치킨에는 코카콜라가 제일 좋네요가격이 타사에 비해 비싸긴 하지만 맛있습니다,1,Winter,피자나 치킨에는 코카콜라가 제일 좋네요가격이 타사에 비해 비싸긴 하지만 맛있습니다,45
4,2026-01-13,잘받았어요 잘받았어요 잘받았어요 잘받았어요 잘받았어요 잘받았어요,잘받았어요 잘받았어요 잘받았어요 잘받았어요 잘받았어요 잘받았어요,1,Winter,잘받았어요 잘받았어요 잘받았어요 잘받았어요 잘받았어요 잘받았어요,35
4,2026-01-13,항상 구매해서 먹고 있어요. 잘 먹겠습니다.,항상 구매해서 먹고 있어요 잘 먹겠습니다,1,Winter,항상 구매해서 먹고 있어요 잘 먹겠습니다,22
4,2026-01-08,행사해서 저렴하게 잘 샀어요 잘 먹겠습니다,행사해서 저렴하게 잘 샀어요 잘 먹겠습니다,1,Winter,행사해서 저렴하게 잘 샀어요 잘 먹겠습니다,23
4,2025-12-15,늘 마시던거라 가성비 좋은곳에 주문합니다. 책상 달력도 주네요.번창하세요.새해에도...,늘 마시던거라 가성비 좋은곳에 주문합니다 책상 달력도 주네요번창하세요새해에도,12,Winter,늘 마시던거라 가성비 좋은곳에 주문합니다 책상 달력도 주네요번창하세요새해에도,42
4,2025-12-03,평소에 제로콜라 자주마셔서 할인할때 구매합니다사이즈도작아서 한번에먹기 편합니다,평소에 제로콜라 자주마셔서 할인할때 구매합니다사이즈도작아서 한번에먹기 편합니다,12,Winter,평소에 제로콜라 자주마셔서 할인할때 구매합니다사이즈도작아서 한번에먹기 편합니다,43
4,2025-12-19,가격이 좀 올랐네요.사은품증정 달력이 있어 좋아요.,가격이 좀 올랐네요사은품증정 달력이 있어 좋아요,12,Winter,가격이 좀 올랐네요사은품증정 달력이 있어 좋아요,26
4,2025-12-13,"항상 구매합니다. 치킨,피자 배달시 콜라 안시켜요",항상 구매합니다 치킨피자 배달시 콜라 안시켜요,12,Winter,항상 구매합니다 치킨피자 배달시 콜라 안시켜요,25
4,2025-12-01,한번마시기좋은 적당한용량으로 너무좋아요~!,한번마시기좋은 적당한용량으로 너무좋아요,12,Winter,한번마시기좋은 적당한용량으로 너무좋아요,21
4,2025-11-06,뭐먹고 나면 이걸로 내립니다 깔끔하고 청량한 없으면 안되는 그런 음료네요,뭐먹고 나면 이걸로 내립니다 깔끔하고 청량한 없으면 안되는 그런 음료네요,11,Fall,뭐먹고 나면 이걸로 내립니다 깔끔하고 청량한 없으면 안되는 그런 음료네요,40
4,2025-11-06,빠른배송 잘 받았습니다. 빠른배송 잘 받았습니다.,빠른배송 잘 받았습니다 빠른배송 잘 받았습니다,11,Fall,빠른배송 잘 받았습니다 빠른배송 잘 받았습니다,25
4,2025-11-13,배송 빠르네요가격도 할인해서저렴하게 샀어요,배송 빠르네요가격도 할인해서저렴하게 샀어요,11,Fall,배송 빠르네요가격도 할인해서저렴하게 샀어요,23
4,2025-11-05,세일하면 사둡니다 양이 적어서 금방 먹어요,세일하면 사둡니다 양이 적어서 금방 먹어요,11,Fall,세일하면 사둡니다 양이 적어서 금방 먹어요,23
4,2025-11-04,제로캔콜라 잘. 받았습니다 배송도 빠르고 제품도 맘에듭니다 사은품도 있고 고맙습니다,제로캔콜라 잘 받았습니다 배송도 빠르고 제품도 맘에듭니다 사은품도 있고 고맙습니다,11,Fall,제로캔콜라 잘 받았습니다 배송도 빠르고 제품도 맘에듭니다 사은품도 있고 고맙습니다,45
4,2025-11-04,포장을 좀 꼼꼼하게 해주셨음 좋겠네요.콜라가 터져서 종이상자가 반이상 젖어왔어요.,포장을 좀 꼼꼼하게 해주셨음 좋겠네요콜라가 터져서 종이상자가 반이상 젖어왔어요,11,Fall,포장을 좀 꼼꼼하게 해주셨음 좋겠네요콜라가 터져서 종이상자가 반이상 젖어왔어요,43
4,2025-10-25,코카콜라제로언제 어디서나 어느 음시에서도 다 좋아요언제나 코카콜라제로 입니다,코카콜라제로언제 어디서나 어느 음시에서도 다 좋아요언제나 코카콜라제로 입니다,10,Fall,코카콜라제로언제 어디서나 어느 음시에서도 다 좋아요언제나 코카콜라제로 입니다,42
4,2025-11-04,저렴하게 구매했어요 사은품으로 도시락도 있어 좋아요,저렴하게 구매했어요 사은품으로 도시락도 있어 좋아요,11,Fall,저렴하게 구매했어요 사은품으로 도시락도 있어 좋아요,28
4,2025-11-05,콜라는 못참지~코카콜라 제로! 도시락통 넘 기엽,콜라는 못참지코카콜라 제로 도시락통 넘 기엽,11,Fall,콜라는 못참지코카콜라 제로 도시락통 넘 기엽,24
5,2026-01-19,가격대비 품질만족 빠른 배송도 좋아요,가격대비 품질만족 빠른 배송도 좋아요,1,Winter,가격대비 품질만족 빠른 배송도 좋아요,20
5,2026-01-17,애들이 잘먹어서 구입했어요 잘마실게요,애들이 잘먹어서 구입했어요 잘마실게요,1,Winter,애들이 잘먹어서 구입했어요 잘마실게요,20
5,2026-01-17,배송빠르고 코카콜라제로 맛있어요.~,배송빠르고 코카콜라제로 맛있어요,1,Winter,배송빠르고 코카콜라제로 맛있어요,17
5,2026-01-19,잘받았습니다 감사합니다,잘받았습니다 감사합니다,1,Winter,잘받았습니다 감사합니다,12
5,2026-01-17,제로라구입 작은사이즈가좋네요,제로라구입 작은사이즈가좋네요,1,Winter,제로라구입 작은사이즈가좋네요,15
5,2026-01-14,행사가로ㅜ빠른배송 항상먹어요,행사가로빠른배송 항상먹어요,1,Winter,행사가로빠른배송 항상먹어요,14
5,2026-01-16,콜라는 제로지뷰앞 배송 굿,콜라는 제로지뷰앞 배송 굿,1,Winter,콜라는 제로지뷰앞 배송 굿,14
5,2026-01-15,코카콜라는 제로!~~~~,코카콜라는 제로,1,Winter,코카콜라는 제로,8
5,2026-01-14,항상시켜먹는 제품입니다.,항상시켜먹는 제품입니다,1,Winter,항상시켜먹는 제품입니다,12
5,2026-01-12,행사할때 저렴하게 구입했습니다.,행사할때 저렴하게 구입했습니다,1,Winter,행사할때 저렴하게 구입했습니다,16
5,2026-01-13,잘 받았습니다. 만족합니다.,잘 받았습니다 만족합니다,1,Winter,잘 받았습니다 만족합니다,13
5,2026-01-13,배송도 빠르고 마음에 들어요,배송도 빠르고 마음에 들어요,1,Winter,배송도 빠르고 마음에 들어요,15
5,2026-01-12,만족합니다..잘 먹을게요,만족합니다잘 먹을게요,1,Winter,만족합니다잘 먹을게요,11
5,2026-01-13,콜라는엳시 코카콜라,콜라는엳시 코카콜라,1,Winter,콜라는엳시 코카콜라,10
5,2026-01-11,좋습니다. 빠른 배송 감사합니다.,좋습니다 빠른 배송 감사합니다,1,Winter,좋습니다 빠른 배송 감사합니다,16
5,2026-01-11,잘받았어요 맛있어요 또 구매할께요,잘받았어요 맛있어요 또 구매할께요,1,Winter,잘받았어요 맛있어요 또 구매할께요,18
5,2026-01-12,90개 샀어요ㅎ배송빠르네요~,90개 샀어요배송빠르네요,1,Winter,90개 샀어요배송빠르네요,13
5,2026-01-11,제로콜라 저렴히 샀어요.,제로콜라 저렴히 샀어요,1,Winter,제로콜라 저렴히 샀어요,12
5,2026-01-12,깔끔하고 맛있습니다,깔끔하고 맛있습니다,1,Winter,깔끔하고 맛있습니다,10
5,2026-01-10,좋아요 제로라서칼로리부담 없이 마셔요,좋아요 제로라서칼로리부담 없이 마셔요,1,Winter,좋아요 제로라서칼로리부담 없이 마셔요,20
5,2026-01-10,식구들이 콜라를 좋아해요.좋아요,식구들이 콜라를 좋아해요좋아요,1,Winter,식구들이 콜라를 좋아해요좋아요,16
5,2026-01-11,배송빠르고 제로콜라 맛나요,배송빠르고 제로콜라 맛나요,1,Winter,배송빠르고 제로콜라 맛나요,14
5,2026-01-10,먹는 코카콜라 맛있어요,먹는 코카콜라 맛있어요,1,Winter,먹는 코카콜라 맛있어요,12
5,2026-01-11,배송이 빨라서 좋아요,배송이 빨라서 좋아요,1,Winter,배송이 빨라서 좋아요,11
3,2026-01-10,콜라 무거워 박스 다 찢어지고 찌그러져 옴 ㅠㅠ,콜라 무거워 박스 다 찢어지고 찌그러져 옴,1,Winter,콜라 무거워 박스 다 찢어지고 찌그러져 옴,23
5,2026-01-09,잘 받았습니다 매우 만족합니다,잘 받았습니다 매우 만족합니다,1,Winter,잘 받았습니다 매우 만족합니다,16
5,2026-01-09,제로 배송 잘받았어요,제로 배송 잘받았어요,1,Winter,제로 배송 잘받았어요,11
5,2026-01-10,4391624015,4391624015,1,Winter,4391624015,10
5,2026-01-09,제로가 맛은 덜하지만 세일이라 쟁여요,제로가 맛은 덜하지만 세일이라 쟁여요,1,Winter,제로가 맛은 덜하지만 세일이라 쟁여요,20
5,2026-01-09,좋아요.~좋아요.~좋아요.~,좋아요좋아요좋아요,1,Winter,좋아요좋아요좋아요,9
5,2026-01-09,맛나요 ㅎㅎ 맛나요 맛나요,맛나요 맛나요 맛나요,1,Winter,맛나요 맛나요 맛나요,11
5,2026-01-09,빠른 배송에 감사합니다.,빠른 배송에 감사합니다,1,Winter,빠른 배송에 감사합니다,12
5,2026-01-09,우리집 생명수입니다 ㅋㅋ,우리집 생명수입니다,1,Winter,우리집 생명수입니다,10
5,2026-01-08,코카가 제로도 입맛에 맞아요,코카가 제로도 입맛에 맞아요,1,Winter,코카가 제로도 입맛에 맞아요,15
5,2026-01-07,저렴하게 구매해서 만족합니다,저렴하게 구매해서 만족합니다,1,Winter,저렴하게 구매해서 만족합니다,15
5,2026-01-07,배송빠르고 좋이요 ㅎㅎ,배송빠르고 좋이요,1,Winter,배송빠르고 좋이요,9
5,2026-01-08,쩔어 어쩔 또사야지,쩔어 어쩔 또사야지,1,Winter,쩔어 어쩔 또사야지,10
5,2026-01-06,배송빠르고 코카콜라제로 좋아요,배송빠르고 코카콜라제로 좋아요,1,Winter,배송빠르고 코카콜라제로 좋아요,16
5,2026-01-06,강추합니다 강추합니다좋습니다,강추합니다 강추합니다좋습니다,1,Winter,강추합니다 강추합니다좋습니다,15
5,2026-01-07,저렴하게 구입해서 좋네요,저렴하게 구입해서 좋네요,1,Winter,저렴하게 구입해서 좋네요,13
5,2026-01-06,"상품, 배송 만족합니다.",상품 배송 만족합니다,1,Winter,상품 배송 만족합니다,11
5,2026-01-06,잘 받았습니다 좋아요,잘 받았습니다 좋아요,1,Winter,잘 받았습니다 좋아요,11
5,2026-01-05,요사이즈가 먹기 딱 좋아요 큰건 남음,요사이즈가 먹기 딱 좋아요 큰건 남음,1,Winter,요사이즈가 먹기 딱 좋아요 큰건 남음,20
5,2026-01-05,굿~ 요.~^* 감사합니다!~^*,굿 요 감사합니다,1,Winter,굿 요 감사합니다,9
5,2026-01-06,본연의 콜라맛은 코크가 더 좋아요,본연의 콜라맛은 코크가 더 좋아요,1,Winter,본연의 콜라맛은 코크가 더 좋아요,18
5,2026-01-06,좋습니다 좋습니다 좋습니다,좋습니다 좋습니다 좋습니다,1,Winter,좋습니다 좋습니다 좋습니다,14
5,2026-01-04,가성비좋아요배송도 굿,가성비좋아요배송도 굿,1,Winter,가성비좋아요배송도 굿,11
5,2026-01-02,제품 좋아요 배송 좋아요,제품 좋아요 배송 좋아요,1,Winter,제품 좋아요 배송 좋아요,13
5,2026-01-02,좋아요~~~~//////,좋아요,1,Winter,좋아요,3
5,2026-01-01,싸게잘샀어요 좋아요 굿굿,싸게잘샀어요 좋아요 굿굿,1,Winter,싸게잘샀어요 좋아요 굿굿,13
5,2026-01-01,잘 마실게요 감사합니다~,잘 마실게요 감사합니다,1,Winter,잘 마실게요 감사합니다,12
5,2026-01-01,코카제로가 맛있어요 굿,코카제로가 맛있어요 굿,1,Winter,코카제로가 맛있어요 굿,12
5,2025-12-26,콜라가 몸에 이롭지 못 한가요? 집사람이 못 먹게 해서 못 미시다가 추워지고 나서 겨우 마시기 시작했는데 역시 마시니 기분이 시원하게 좋아지내요.역시 이 맛에 코크를 마신디니까요!,콜라가 몸에 이롭지 못 한가요 집사람이 못 먹게 해서 못 미시다가 추워지고 나서 겨우 마시기 시작했는데 역시 마시니 기분이 시원하게 좋아지내요역시 이 맛에 코크를 마신디니까요,12,Winter,콜라가 몸에 이롭지 못 한가요 집사람이 못 먹게 해서 못 미시다가 추워지고 나서 겨우 마시기 시작했는데 역시 마시니 기분이 시원하게 좋아지내요역시 이 맛에 코크를 마신디니까요,97
5,2025-12-28,저렴하게 샀어요.저렴하게 샀어요.,저렴하게 샀어요저렴하게 샀어요,12,Winter,저렴하게 샀어요저렴하게 샀어요,16
5,2025-12-28,코카콜라 제로 항상 주문해먹습니다,코카콜라 제로 항상 주문해먹습니다,12,Winter,코카콜라 제로 항상 주문해먹습니다,18
5,2025-12-29,여기가 제일 할인이 많아요,여기가 제일 할인이 많아요,12,Winter,여기가 제일 할인이 많아요,14
5,2025-12-28,잘받았습니다감사합니다,잘받았습니다감사합니다,12,Winter,잘받았습니다감사합니다,11
5,2025-12-24,콜라는역시 코카콜라 맛나게잘먹고있어요,콜라는역시 코카콜라 맛나게잘먹고있어요,12,Winter,콜라는역시 코카콜라 맛나게잘먹고있어요,20
5,2025-12-25,엄청 싸게 사서 기분좋네요,엄청 싸게 사서 기분좋네요,12,Winter,엄청 싸게 사서 기분좋네요,14
5,2025-12-25,유통기한도 길고 좋습니다.,유통기한도 길고 좋습니다,12,Winter,유통기한도 길고 좋습니다,13
5,2025-12-25,항상 즐겨먹고 있어요,항상 즐겨먹고 있어요,12,Winter,항상 즐겨먹고 있어요,11
5,2025-12-24,사은품이 안왔네요 아마 품절됐나봐요,사은품이 안왔네요 아마 품절됐나봐요,12,Winter,사은품이 안왔네요 아마 품절됐나봐요,19
5,2025-12-24,정 말 맛 있 어 요!!!!!!,정 말 맛 있 어 요,12,Winter,정 말 맛 있 어 요,11
5,2025-12-23,잘받았습니다 수고하세요,잘받았습니다 수고하세요,12,Winter,잘받았습니다 수고하세요,12
5,2025-12-24,저렴하게 구입했어요,저렴하게 구입했어요,12,Winter,저렴하게 구입했어요,10
5,2025-12-23,빠른배송감사합니다,빠른배송감사합니다,12,Winter,빠른배송감사합니다,9
5,2025-12-23,저렴하게 잘 구입했네요 만족합니다.,저렴하게 잘 구입했네요 만족합니다,12,Winter,저렴하게 잘 구입했네요 만족합니다,18
5,2025-12-21,할인에 달력까지 감사합니다!,할인에 달력까지 감사합니다,12,Winter,할인에 달력까지 감사합니다,14
5,2025-12-23,코카콜라좋아욯맛있어,코카콜라좋아욯맛있어,12,Winter,코카콜라좋아욯맛있어,10
5,2025-12-22,달력을 줘서 좋아요,달력을 줘서 좋아요,12,Winter,달력을 줘서 좋아요,10
5,2025-12-21,부담없는 사이즈... 제로라 좋아요,부담없는 사이즈 제로라 좋아요,12,Winter,부담없는 사이즈 제로라 좋아요,16
5,2025-12-20,코카콜라제로 맛있어요.,코카콜라제로 맛있어요,12,Winter,코카콜라제로 맛있어요,11
5,2025-12-20,배송빠르고 상품좋아요,배송빠르고 상품좋아요,12,Winter,배송빠르고 상품좋아요,11
5,2025-12-19,파손없이 잘받았습니다,파손없이 잘받았습니다,12,Winter,파손없이 잘받았습니다,11
5,2025-12-19,한번에먹기좋아요..,한번에먹기좋아요,12,Winter,한번에먹기좋아요,8
5,2025-12-19,좋은 상품입니다 만족합니다 감사합니다,좋은 상품입니다 만족합니다 감사합니다,12,Winter,좋은 상품입니다 만족합니다 감사합니다,20
5,2025-12-18,늘 여기서 삽니다 배송 빨라요,늘 여기서 삽니다 배송 빨라요,12,Winter,늘 여기서 삽니다 배송 빨라요,16
5,2025-12-19,배송도 빠르고 아주 좋아요,배송도 빠르고 아주 좋아요,12,Winter,배송도 빠르고 아주 좋아요,14
5,2025-12-19,물건도 터진거없이 잘왔네요,물건도 터진거없이 잘왔네요,12,Winter,물건도 터진거없이 잘왔네요,14
5,2025-12-19,사은품도 잘 도착했어요,사은품도 잘 도착했어요,12,Winter,사은품도 잘 도착했어요,12
5,2025-12-17,빠르게 잘받았어요 달력이 좋네요,빠르게 잘받았어요 달력이 좋네요,12,Winter,빠르게 잘받았어요 달력이 좋네요,17
5,2025-12-17,빠른배송 감사합니다 잘먹을게요,빠른배송 감사합니다 잘먹을게요,12,Winter,빠른배송 감사합니다 잘먹을게요,16
5,2025-12-18,빠르게 잘받았어요 잘먹을께요,빠르게 잘받았어요 잘먹을께요,12,Winter,빠르게 잘받았어요 잘먹을께요,15
5,2025-12-18,코카콜라 는 맛있습니다,코카콜라 는 맛있습니다,12,Winter,코카콜라 는 맛있습니다,12
5,2025-12-18,맛있어요 추천합니다.,맛있어요 추천합니다,12,Winter,맛있어요 추천합니다,10
5,2025-12-17,빠르게 잘받았어요 달력도 감사해요,빠르게 잘받았어요 달력도 감사해요,12,Winter,빠르게 잘받았어요 달력도 감사해요,18
5,2025-12-17,좋은가격에 구매했어요 만족합니다,좋은가격에 구매했어요 만족합니다,12,Winter,좋은가격에 구매했어요 만족합니다,17
5,2025-12-16,빠른배송 감사합니다 수고하세요,빠른배송 감사합니다 수고하세요,12,Winter,빠른배송 감사합니다 수고하세요,16
5,2025-12-17,제로콜라는 코카콜라가 맛있당,제로콜라는 코카콜라가 맛있당,12,Winter,제로콜라는 코카콜라가 맛있당,15
5,2025-12-17,제로콜라도 맛있어요,제로콜라도 맛있어요,12,Winter,제로콜라도 맛있어요,10
5,2025-12-16,배송 빠르고요 적극추천합니다 ㅎㅎ,배송 빠르고요 적극추천합니다,12,Winter,배송 빠르고요 적극추천합니다,15
5,2025-12-16,배송빠르고 늘 구매해서 먹고있어요,배송빠르고 늘 구매해서 먹고있어요,12,Winter,배송빠르고 늘 구매해서 먹고있어요,18
5,2025-12-16,가격저렴해서 긋두고 오래먹을듯,가격저렴해서 긋두고 오래먹을듯,12,Winter,가격저렴해서 긋두고 오래먹을듯,16
5,2025-12-16,콜라는 역시 코카콜라,콜라는 역시 코카콜라,12,Winter,콜라는 역시 코카콜라,11
5,2025-12-16,맘에들어요맘에들어요,맘에들어요맘에들어요,12,Winter,맘에들어요맘에들어요,10
5,2025-12-12,식구들이 좋아해서 자주 구매해요,식구들이 좋아해서 자주 구매해요,12,Winter,식구들이 좋아해서 자주 구매해요,17
5,2025-12-12,배송빠르고 저렴한 가격에 구매,배송빠르고 저렴한 가격에 구매,12,Winter,배송빠르고 저렴한 가격에 구매,16
5,2025-12-14,배송도 빠르고 제품도 좋아요,배송도 빠르고 제품도 좋아요,12,Winter,배송도 빠르고 제품도 좋아요,15
5,2025-12-12,배달해주셔서 고맙습니다.,배달해주셔서 고맙습니다,12,Winter,배달해주셔서 고맙습니다,12
5,2025-12-15,펩시먹다가 갈아탔습키다,펩시먹다가 갈아탔습키다,12,Winter,펩시먹다가 갈아탔습키다,12
5,2025-12-10,빨리오고 파손 없었습니다추천드려용,빨리오고 파손 없었습니다추천드려용,12,Winter,빨리오고 파손 없었습니다추천드려용,18
5,2025-12-11,한번에 먹기 딱 좋은 사이즈에요,한번에 먹기 딱 좋은 사이즈에요,12,Winter,한번에 먹기 딱 좋은 사이즈에요,17
5,2025-12-11,하루에 몇개를 먹는건지....,하루에 몇개를 먹는건지,12,Winter,하루에 몇개를 먹는건지,12
5,2025-12-11,코카콜라제로잘 받았습니다.,코카콜라제로잘 받았습니다,12,Winter,코카콜라제로잘 받았습니다,13
5,2025-12-10,배송도 빠르고 맛도 좋습니다.,배송도 빠르고 맛도 좋습니다,12,Winter,배송도 빠르고 맛도 좋습니다,15
5,2025-12-10,배송 빠르고 포장 꼼꼼하네요,배송 빠르고 포장 꼼꼼하네요,12,Winter,배송 빠르고 포장 꼼꼼하네요,15
5,2025-12-09,한번에 먹기 딱 좋아용ㅎㅎ,한번에 먹기 딱 좋아용,12,Winter,한번에 먹기 딱 좋아용,12
5,2025-12-09,감사합니다 수고하셨습니다,감사합니다 수고하셨습니다,12,Winter,감사합니다 수고하셨습니다,13
5,2025-12-09,코카콜라제로 맛나요~,코카콜라제로 맛나요,12,Winter,코카콜라제로 맛나요,10
5,2025-12-06,아는맛 아는맛 아는맛 아는맛,아는맛 아는맛 아는맛 아는맛,12,Winter,아는맛 아는맛 아는맛 아는맛,15
5,2025-12-07,세일해서 재구매했어요,세일해서 재구매했어요,12,Winter,세일해서 재구매했어요,11
5,2025-12-06,가격 저렴하고 맛나요,가격 저렴하고 맛나요,12,Winter,가격 저렴하고 맛나요,11
5,2025-12-06,배송빠르고제일저렴해요,배송빠르고제일저렴해요,12,Winter,배송빠르고제일저렴해요,11
5,2025-12-06,한잔하면서잘먹고있어요,한잔하면서잘먹고있어요,12,Winter,한잔하면서잘먹고있어요,11
5,2025-12-02,배송도 빠르고 제품도 만족합니다.,배송도 빠르고 제품도 만족합니다,12,Winter,배송도 빠르고 제품도 만족합니다,17
5,2025-11-30,알뜰하게 잘구매했어요 만족합니다,알뜰하게 잘구매했어요 만족합니다,11,Fall,알뜰하게 잘구매했어요 만족합니다,17
5,2025-12-01,대세죠!! 저렴하게 잘샀어요~,대세죠 저렴하게 잘샀어요,12,Winter,대세죠 저렴하게 잘샀어요,13
5,2025-12-01,저렴하게 잘 구매했습니다,저렴하게 잘 구매했습니다,12,Winter,저렴하게 잘 구매했습니다,13
5,2025-12-01,저렴하게 잘샀어요.,저렴하게 잘샀어요,12,Winter,저렴하게 잘샀어요,9
5,2025-11-29,빨리 도착 했습니다.잘 먹겠습니다.,빨리 도착 했습니다잘 먹겠습니다,11,Fall,빨리 도착 했습니다잘 먹겠습니다,17
5,2025-11-29,당뇨라 제로 콜라 아주 좋아요,당뇨라 제로 콜라 아주 좋아요,11,Fall,당뇨라 제로 콜라 아주 좋아요,16
5,2025-11-27,안전하게 도착 했습니다,안전하게 도착 했습니다,11,Fall,안전하게 도착 했습니다,12
5,2025-11-28,배송빠르고상품좋아요,배송빠르고상품좋아요,11,Fall,배송빠르고상품좋아요,10
5,2025-11-24,제일 저렴하게 잘샀네요.감사합니다~~,제일 저렴하게 잘샀네요감사합니다,11,Fall,제일 저렴하게 잘샀네요감사합니다,17
5,2025-11-25,할인해서잘샀어요배송빠르고좋아요,할인해서잘샀어요배송빠르고좋아요,11,Fall,할인해서잘샀어요배송빠르고좋아요,16
5,2025-11-25,잘받았습니다 늘 제로만,잘받았습니다 늘 제로만,11,Fall,잘받았습니다 늘 제로만,12
5,2025-11-21,저렴하게 구입했네요 잘 먹고 있어요~,저렴하게 구입했네요 잘 먹고 있어요,11,Fall,저렴하게 구입했네요 잘 먹고 있어요,19
5,2025-11-22,잘받았습니다 잘받았습니다,잘받았습니다 잘받았습니다,11,Fall,잘받았습니다 잘받았습니다,13
5,2025-11-22,배송빠르고 좋아여ㅎㅎ,배송빠르고 좋아여,11,Fall,배송빠르고 좋아여,9
5,2025-11-21,저렴히샀어요만족해요,저렴히샀어요만족해요,11,Fall,저렴히샀어요만족해요,10
5,2025-11-17,배송 빠르고 저렴하고 완전 추천합니다,배송 빠르고 저렴하고 완전 추천합니다,11,Fall,배송 빠르고 저렴하고 완전 추천합니다,20
5,2025-11-16,한번 먹기에 이 사이즈가 적당해요.,한번 먹기에 이 사이즈가 적당해요,11,Fall,한번 먹기에 이 사이즈가 적당해요,18
5,2025-11-19,가격 저렴하고 배송빠르고 좋아요,가격 저렴하고 배송빠르고 좋아요,11,Fall,가격 저렴하고 배송빠르고 좋아요,17
5,2025-11-16,배송도 빠르고 너무 좋아요!!!,배송도 빠르고 너무 좋아요,11,Fall,배송도 빠르고 너무 좋아요,14
5,2025-11-18,항상 잘 사용하고 있습니다,항상 잘 사용하고 있습니다,11,Fall,항상 잘 사용하고 있습니다,14
5,2025-11-16,편하게 구입했습니다. 만족합니다.,편하게 구입했습니다 만족합니다,11,Fall,편하게 구입했습니다 만족합니다,16
5,2025-11-15,싸게 잘삿어요 한모금에 톡 좋아요,싸게 잘삿어요 한모금에 톡 좋아요,11,Fall,싸게 잘삿어요 한모금에 톡 좋아요,18
5,2025-11-14,애들이 제로콜라만 찾네요.,애들이 제로콜라만 찾네요,11,Fall,애들이 제로콜라만 찾네요,13
5,2025-11-13,가격대비 가성비가 좋아요,가격대비 가성비가 좋아요,11,Fall,가격대비 가성비가 좋아요,13
5,2025-11-13,좋습니다 수고하세요,좋습니다 수고하세요,11,Fall,좋습니다 수고하세요,10
5,2025-11-11,저렴하게 잘 샀네요쟁여놓길 잘한듯,저렴하게 잘 샀네요쟁여놓길 잘한듯,11,Fall,저렴하게 잘 샀네요쟁여놓길 잘한듯,18
5,2025-11-12,가격 저렴하게 산 거 같네요.,가격 저렴하게 산 거 같네요,11,Fall,가격 저렴하게 산 거 같네요,15
5,2025-11-12,없으면 안돼서 미리주문 해야함,없으면 안돼서 미리주문 해야함,11,Fall,없으면 안돼서 미리주문 해야함,16
5,2025-11-12,빠릅니다~~맛있어여~~,빠릅니다맛있어여,11,Fall,빠릅니다맛있어여,8
5,2025-11-12,재주문입니다.맛있어요,재주문입니다맛있어요,11,Fall,재주문입니다맛있어요,10
5,2025-11-11,good nice good nice,good nice good nice,11,Fall,good nice good nice,19
5,2025-11-11,아주 만족합니다 또 구매할께요.,아주 만족합니다 또 구매할께요,11,Fall,아주 만족합니다 또 구매할께요,16
5,2025-11-11,쿠폰써서 저렴하게 샀어요,쿠폰써서 저렴하게 샀어요,11,Fall,쿠폰써서 저렴하게 샀어요,13
5,2025-11-11,속터지는날 마시려고 쟁임,속터지는날 마시려고 쟁임,11,Fall,속터지는날 마시려고 쟁임,13
5,2025-11-10,가격 저렴하고 빠른 배송 감사합니다,가격 저렴하고 빠른 배송 감사합니다,11,Fall,가격 저렴하고 빠른 배송 감사합니다,19
5,2025-11-10,싸게 잘 샀습니다. 많이 파세요.,싸게 잘 샀습니다 많이 파세요,11,Fall,싸게 잘 샀습니다 많이 파세요,16
5,2025-11-10,빠르고 안전한 배송 감사합니다.,빠르고 안전한 배송 감사합니다,11,Fall,빠르고 안전한 배송 감사합니다,16
5,2025-11-10,항상 구매하는 제품이에요,항상 구매하는 제품이에요,11,Fall,항상 구매하는 제품이에요,13
5,2025-11-10,저렴하게 구매했습니다,저렴하게 구매했습니다,11,Fall,저렴하게 구매했습니다,11
5,2025-11-09,저렴시 구입했어요 배송도 빠르네요.,저렴시 구입했어요 배송도 빠르네요,11,Fall,저렴시 구입했어요 배송도 빠르네요,18
5,2025-11-08,먹는 코카콜라는 너무 맛있어요,먹는 코카콜라는 너무 맛있어요,11,Fall,먹는 코카콜라는 너무 맛있어요,16
5,2025-11-09,오랫동안 사용하고 있습니다,오랫동안 사용하고 있습니다,11,Fall,오랫동안 사용하고 있습니다,14
5,2025-11-09,배송빠르게 잘 받았습니다.,배송빠르게 잘 받았습니다,11,Fall,배송빠르게 잘 받았습니다,13
5,2025-11-08,저렴하게 잘 샀어요,저렴하게 잘 샀어요,11,Fall,저렴하게 잘 샀어요,10
5,2025-11-06,좋아요 선물용으로 주문했어요 좋아요,좋아요 선물용으로 주문했어요 좋아요,11,Fall,좋아요 선물용으로 주문했어요 좋아요,19
5,2025-11-07,잘 받았습니다 감사합니다,잘 받았습니다 감사합니다,11,Fall,잘 받았습니다 감사합니다,13
5,2025-11-07,좋은상품 감사합니다...,좋은상품 감사합니다,11,Fall,좋은상품 감사합니다,10
5,2025-11-06,집 앞에 딱하니 좋아요,집 앞에 딱하니 좋아요,11,Fall,집 앞에 딱하니 좋아요,12
5,2025-11-06,빠른배송감사합니다 빠른배송감사합니다,빠른배송감사합니다 빠른배송감사합니다,11,Fall,빠른배송감사합니다 빠른배송감사합니다,19
5,2025-11-06,유통기한 길고 배송 빠르네요,유통기한 길고 배송 빠르네요,11,Fall,유통기한 길고 배송 빠르네요,15
5,2025-11-05,싸게샀어요 도시락 들어있어요,싸게샀어요 도시락 들어있어요,11,Fall,싸게샀어요 도시락 들어있어요,15
5,2025-11-06,잘마실께요 콜라 좋아요,잘마실께요 콜라 좋아요,11,Fall,잘마실께요 콜라 좋아요,12
5,2025-11-06,굿입다다다요마씨써요,굿입다다다요마씨써요,11,Fall,굿입다다다요마씨써요,10
3,2025-11-04,사은품으로 도시락통도 주시고 고맙습니당~,사은품으로 도시락통도 주시고 고맙습니당,11,Fall,사은품으로 도시락통도 주시고 고맙습니당,21
5,2025-11-04,저렴하게 잘 구매하였습니다.,저렴하게 잘 구매하였습니다,11,Fall,저렴하게 잘 구매하였습니다,14
5,2025-11-04,싸게싸게 샀어요 너무좋아 나,싸게싸게 샀어요 너무좋아 나,11,Fall,싸게싸게 샀어요 너무좋아 나,15
5,2025-11-05,배송도 빠르고 좋아요,배송도 빠르고 좋아요,11,Fall,배송도 빠르고 좋아요,11
5,2025-11-04,사은품도 있괴 저렴하게 잘 샀어요,사은품도 있괴 저렴하게 잘 샀어요,11,Fall,사은품도 있괴 저렴하게 잘 샀어요,18
5,2025-11-04,잘받았습니다. 잘먹겠습니다.,잘받았습니다 잘먹겠습니다,11,Fall,잘받았습니다 잘먹겠습니다,13
5,2025-11-04,말함뭐해 그냥 좋아서 먹어요,말함뭐해 그냥 좋아서 먹어요,11,Fall,말함뭐해 그냥 좋아서 먹어요,15
5,2025-11-04,감사요저렴하게구입했읍니다,감사요저렴하게구입했읍니다,11,Fall,감사요저렴하게구입했읍니다,13
5,2025-11-02,밥먹고 나서 입가심하기 좋아요 ㅎ,밥먹고 나서 입가심하기 좋아요,11,Fall,밥먹고 나서 입가심하기 좋아요,16
5,2025-11-02,콜라는 역시 코카콜라가 좋습니다.,콜라는 역시 코카콜라가 좋습니다,11,Fall,콜라는 역시 코카콜라가 좋습니다,17
5,2025-11-02,배송 엄청 빠르고 포장도 좋아요,배송 엄청 빠르고 포장도 좋아요,11,Fall,배송 엄청 빠르고 포장도 좋아요,17
5,2025-11-03,파손없이 잘 받았어요~~~,파손없이 잘 받았어요,11,Fall,파손없이 잘 받았어요,11
5,2025-11-02,배송도 빠르고 싸게 잘 샀어요,배송도 빠르고 싸게 잘 샀어요,11,Fall,배송도 빠르고 싸게 잘 샀어요,16
5,2025-10-31,빠른배송 좋네요 잘 먹을게요,빠른배송 좋네요 잘 먹을게요,10,Fall,빠른배송 좋네요 잘 먹을게요,15
5,2025-10-30,콜라 좋아요 먹고 또주문할레요,콜라 좋아요 먹고 또주문할레요,10,Fall,콜라 좋아요 먹고 또주문할레요,16
5,2025-10-28,딴건갠춘해요.한캔만환불요청해요,딴건갠춘해요한캔만환불요청해요,10,Fall,딴건갠춘해요한캔만환불요청해요,15
5,2025-10-27,주문 바로 다음날 오네요 ？？,주문 바로 다음날 오네요,10,Fall,주문 바로 다음날 오네요,13
5,2025-10-28,저렴하게 구입해서 좋습니다,저렴하게 구입해서 좋습니다,10,Fall,저렴하게 구입해서 좋습니다,14
5,2025-10-23,배송도 빠르고 잘먹었습니다,배송도 빠르고 잘먹었습니다,10,Fall,배송도 빠르고 잘먹었습니다,14
5,2025-10-22,제로콜라가 좋은 것 같아요,제로콜라가 좋은 것 같아요,10,Fall,제로콜라가 좋은 것 같아요,14
5,2025-10-23,한캔씩 꺼내먹기 좋습니다,한캔씩 꺼내먹기 좋습니다,10,Fall,한캔씩 꺼내먹기 좋습니다,13
5,2025-10-23,필요해서 샀는데 좋아요,필요해서 샀는데 좋아요,10,Fall,필요해서 샀는데 좋아요,12
5,2025-10-08,평소 자주 마시기에 할인할때 사게되었습니다. 사은품도 주고 적당한 가격에 배송도 빠르게와서 만족합니다.,평소 자주 마시기에 할인할때 사게되었습니다 사은품도 주고 적당한 가격에 배송도 빠르게와서 만족합니다,10,Fall,평소 자주 마시기에 할인할때 사게되었습니다 사은품도 주고 적당한 가격에 배송도 빠르게와서 만족합니다,55
5,2025-10-16,늘 이용하는제품이라 구입하는데행사가격으로 저렴하게 구입했네요빠른 배송 감사드려요안전포장도 맘에 듭니다,늘 이용하는제품이라 구입하는데행사가격으로 저렴하게 구입했네요빠른 배송 감사드려요안전포장도 맘에 듭니다,10,Fall,늘 이용하는제품이라 구입하는데행사가격으로 저렴하게 구입했네요빠른 배송 감사드려요안전포장도 맘에 듭니다,56
5,2025-10-22,없으면 안돼요 떨어지기전에 미리미리,없으면 안돼요 떨어지기전에 미리미리,10,Fall,없으면 안돼요 떨어지기전에 미리미리,19
5,2025-10-22,코카콜라제로 1인용으로 적당합니다,코카콜라제로 1인용으로 적당합니다,10,Fall,코카콜라제로 1인용으로 적당합니다,18
5,2025-10-22,"상품 터지지않고,안전배송 됐네요",상품 터지지않고안전배송 됐네요,10,Fall,상품 터지지않고안전배송 됐네요,16
5,2025-09-01,콜라하면 제로콜라죠 정말맛잇고 다이어트에도움이됩니다 이건제생각이고요;;일반콜라가너무먹고싶은데 그나마 다이어트한다고 합리화할때 마시고있어서요 그래도 부담안되고용량도적당해서 정말맛있게먹고있어요 콜라하면 제로콜라죠 정말맛잇고 다이어트에도움이됩니다 이건제생각이고요;;일반콜라가너무먹고싶은데 그나마 다이어트한다고 합리화할때 마시고있어서요 그래도 부담안되고용량도적당해서 정말맛있게먹고있어요 항상 잘먹고있씁니다.행사때도 제가추천하여 제로콜라 추천하여 행사용품에도쓰는데요 남녀노소다좋아해서 정말 강추합니다.,콜라하면 제로콜라죠 정말맛잇고 다이어트에도움이됩니다 이건제생각이고요일반콜라가너무먹고싶은데 그나마 다이어트한다고 합리화할때 마시고있어서요 그래도 부담안되고용량도적당해서 정말맛있게먹고있어요 콜라하면 제로콜라죠 정말맛잇고 다이어트에도움이됩니다 이건제생각이고요일반콜라가너무먹고싶은데 그나마 다이어트한다고 합리화할때 마시고있어서요 그래도 부담안되고용량도적당해서 정말맛있게먹고있어요 항상 잘먹고있씁니다행사때도 제가추천하여 제로콜라 추천하여 행사용품에도쓰는데요 남녀노소다좋아해서 정말 강추합니다,9,Fall,콜라하면 제로콜라죠 정말맛잇고 다이어트에도움이됩니다 이건제생각이고요일반콜라가너무먹고싶은데 그나마 다이어트한다고 합리화할때 마시고있어서요 그래도 부담안되고용량도적당해서 정말맛있게먹고있어요 콜라하면 제로콜라죠 정말맛잇고 다이어트에도움이됩니다 이건제생각이고요일반콜라가너무먹고싶은데 그나마 다이어트한다고 합리화할때 마시고있어서요 그래도 부담안되고용량도적당해서 정말맛있게먹고있어요 항상 잘먹고있씁니다행사때도 제가추천하여 제로콜라 추천하여 행사용품에도쓰는데요 남녀노소다좋아해서 정말 강추합니다,269
3,2025-10-01,톡쏘는 맛 코카콜라 가격대비 맛있어요 배송상태도 파손없이 안전하게 잘받았습니다 배송시간도 빨리 잘받았습니다 다음에 또 구매할게요 추천합니다 할인 더 많이 했으면 좋겠어요,톡쏘는 맛 코카콜라 가격대비 맛있어요 배송상태도 파손없이 안전하게 잘받았습니다 배송시간도 빨리 잘받았습니다 다음에 또 구매할게요 추천합니다 할인 더 많이 했으면 좋겠어요,10,Fall,톡쏘는 맛 코카콜라 가격대비 맛있어요 배송상태도 파손없이 안전하게 잘받았습니다 배송시간도 빨리 잘받았습니다 다음에 또 구매할게요 추천합니다 할인 더 많이 했으면 좋겠어요,94
5,2025-09-18,배송도 빠르고 맛있어요. 또 사야겠어요. 강추배송도 빠르고 맛있어요. 또 사야겠어요. 강추^^,배송도 빠르고 맛있어요 또 사야겠어요 강추배송도 빠르고 맛있어요 또 사야겠어요 강추,9,Fall,배송도 빠르고 맛있어요 또 사야겠어요 강추배송도 빠르고 맛있어요 또 사야겠어요 강추,46
5,2025-09-18,코카콜라 제로 190ml 한번에 마시기 좋아요.사은품 도시락통 도 잘받았습니다.배송도 겁나 빠릅니다.,코카콜라 제로 190ml 한번에 마시기 좋아요사은품 도시락통 도 잘받았습니다배송도 겁나 빠릅니다,9,Fall,코카콜라 제로 190ml 한번에 마시기 좋아요사은품 도시락통 도 잘받았습니다배송도 겁나 빠릅니다,53
5,2025-09-09,잘받았습니다 배송 진짜 빠르고도시락 완전 이쁘고 너무 좋아요콜라 디자인이 너무 예쁘게 바뀌었네요,잘받았습니다 배송 진짜 빠르고도시락 완전 이쁘고 너무 좋아요콜라 디자인이 너무 예쁘게 바뀌었네요,9,Fall,잘받았습니다 배송 진짜 빠르고도시락 완전 이쁘고 너무 좋아요콜라 디자인이 너무 예쁘게 바뀌었네요,53
5,2025-05-09,냉장고에 이렇게 채우고나니 부자된기분^^나의 스트레스를 날려줄 포션!너만 있으면 된다ㅎㅎ같이 온 도시락통도 너무 귀여워용^^,냉장고에 이렇게 채우고나니 부자된기분나의 스트레스를 날려줄 포션너만 있으면 된다같이 온 도시락통도 너무 귀여워용,5,Spring,냉장고에 이렇게 채우고나니 부자된기분나의 스트레스를 날려줄 포션너만 있으면 된다같이 온 도시락통도 너무 귀여워용,62
5,2025-08-26,늘 2박스씩 쟁입니다매번주문할때마다 느끼는데 증정품 너무 성의없이 주시는거같아요사용하는걸로 주시면좋겠습니다,늘 2박스씩 쟁입니다매번주문할때마다 느끼는데 증정품 너무 성의없이 주시는거같아요사용하는걸로 주시면좋겠습니다,8,Summer,늘 2박스씩 쟁입니다매번주문할때마다 느끼는데 증정품 너무 성의없이 주시는거같아요사용하는걸로 주시면좋겠습니다,59
5,2025-08-28,무더운데 탄산이 너무 맛잇네요입맛도 독구어주고요소화도 잘돼는거 같네요 ㅎㅎ카페인없고 칼로리제로네요,무더운데 탄산이 너무 맛잇네요입맛도 독구어주고요소화도 잘돼는거 같네요 카페인없고 칼로리제로네요,8,Summer,무더운데 탄산이 너무 맛잇네요입맛도 독구어주고요소화도 잘돼는거 같네요 카페인없고 칼로리제로네요,52
5,2025-05-08,"너무나도 안전하게 잘 받았으며, 주신 사은품 도시락도 넘 마음에 듭니다….감사합니다 ~~ ^^*",너무나도 안전하게 잘 받았으며 주신 사은품 도시락도 넘 마음에 듭니다감사합니다,5,Spring,너무나도 안전하게 잘 받았으며 주신 사은품 도시락도 넘 마음에 듭니다감사합니다,43
4,2026-01-14,빠르게 잘받았습니다,빠르게 잘받았습니다,1,Winter,빠르게 잘받았습니다,10
4,2026-01-10,"코카콜라 제로,좋은가격에 잘구매했어요",코카콜라 제로좋은가격에 잘구매했어요,1,Winter,코카콜라 제로좋은가격에 잘구매했어요,19
4,2026-01-14,유통기한 좋고 빠른배송 좋아요.,유통기한 좋고 빠른배송 좋아요,1,Winter,유통기한 좋고 빠른배송 좋아요,16
4,2026-01-13,좋아요 빠른배송감사합니다,좋아요 빠른배송감사합니다,1,Winter,좋아요 빠른배송감사합니다,13
4,2026-01-12,잘 받았습니다 괜찮네요,잘 받았습니다 괜찮네요,1,Winter,잘 받았습니다 괜찮네요,12
4,2025-12-13,항상 구매합니다. 제로라 더 좋아요,항상 구매합니다 제로라 더 좋아요,12,Winter,항상 구매합니다 제로라 더 좋아요,18
4,2025-12-11,잘 받았습니다 잘 받았습니다,잘 받았습니다 잘 받았습니다,12,Winter,잘 받았습니다 잘 받았습니다,15
4,2025-12-25,좋아요.좋아요.. ..,좋아요좋아요,12,Winter,좋아요좋아요,6
4,2025-12-29,조아요 ~~~~~^^,조아요,12,Winter,조아요,3
4,2025-12-29,잘 마시고 있습니다.,잘 마시고 있습니다,12,Winter,잘 마시고 있습니다,10
4,2025-12-10,잘받았습니다 잘받았습니다 잘받았습니다,잘받았습니다 잘받았습니다 잘받았습니다,12,Winter,잘받았습니다 잘받았습니다 잘받았습니다,20
4,2025-12-11,타 콜라만 마시다 다시 돌아왔네요,타 콜라만 마시다 다시 돌아왔네요,12,Winter,타 콜라만 마시다 다시 돌아왔네요,18
4,2025-11-14,생각 보다 훨씬 좋은 것 같아요,생각 보다 훨씬 좋은 것 같아요,11,Fall,생각 보다 훨씬 좋은 것 같아요,17
4,2025-11-26,제로라 안심하고 마셔요,제로라 안심하고 마셔요,11,Fall,제로라 안심하고 마셔요,12
4,2025-11-12,제로콜라 좋아요 ㅎㅎ,제로콜라 좋아요,11,Fall,제로콜라 좋아요,8
4,2025-11-10,펩시제로랑 비교해도 맛좋네요,펩시제로랑 비교해도 맛좋네요,11,Fall,펩시제로랑 비교해도 맛좋네요,15
4,2025-10-31,아이들이 잘 마셔요~~~~~,아이들이 잘 마셔요,10,Fall,아이들이 잘 마셔요,10
4,2025-11-10,좋아요 싸게 잘산거 같아요,좋아요 싸게 잘산거 같아요,11,Fall,좋아요 싸게 잘산거 같아요,14
4,2025-11-05,좋아요 싸게 잘산거 같네요,좋아요 싸게 잘산거 같네요,11,Fall,좋아요 싸게 잘산거 같네요,14
4,2025-10-30,요번엔 찌그러진거 많아요,요번엔 찌그러진거 많아요,10,Fall,요번엔 찌그러진거 많아요,13
4,2025-09-13,잘받았어요 잘받았어요 잘받았어요 잘받았어요 잘받았어요 잘받았어요 잘받았어요 잘받았어요 잘받았어요,잘받았어요 잘받았어요 잘받았어요 잘받았어요 잘받았어요 잘받았어요 잘받았어요 잘받았어요 잘받았어요,9,Fall,잘받았어요 잘받았어요 잘받았어요 잘받았어요 잘받았어요 잘받았어요 잘받았어요 잘받았어요 잘받았어요,53
4,2025-10-22,가격대비 좋아요~!,가격대비 좋아요,10,Fall,가격대비 좋아요,8
1,2026-01-09,다른제품은 27년11월까지 인데 요건 26.11월까지재고 처분인가 봅이다,다른제품은 27년11월까지 인데 요건 2611월까지재고 처분인가 봅이다,1,Winter,다른제품은 27년11월까지 인데 요건 2611월까지재고 처분인가 봅이다,39
3,2026-01-14,코카콜라 제로라서 구입을 합니다,코카콜라 제로라서 구입을 합니다,1,Winter,코카콜라 제로라서 구입을 합니다,17
3,2026-01-13,제로콜라 정말 맛있어요,제로콜라 정말 맛있어요,1,Winter,제로콜라 정말 맛있어요,12
3,2026-01-16,보통입니다 보통입니다,보통입니다 보통입니다,1,Winter,보통입니다 보통입니다,11
5,2025-10-13,온가족이 먹습니다. 저는 다이어트용으로 먹습니다. 음료중에 최고라생각해요포장상태 요즘 다 음료포장처럼 과대포장없이 비닐로 되어 있고 코카콜라 맛은 다들아실거구 제로코크 생각보다 190미리가 작네요ㅋ그래도 탄산 시원하게 먹을 수 있어 좋아요생각보다 190미리가 작네요ㅋ그래도 탄산 시원하게 먹을 수 있어 좋아요,온가족이 먹습니다 저는 다이어트용으로 먹습니다 음료중에 최고라생각해요포장상태 요즘 다 음료포장처럼 과대포장없이 비닐로 되어 있고 코카콜라 맛은 다들아실거구 제로코크 생각보다 190미리가 작네요그래도 탄산 시원하게 먹을 수 있어 좋아요생각보다 190미리가 작네요그래도 탄산 시원하게 먹을 수 있어 좋아요,10,Fall,온가족이 먹습니다 저는 다이어트용으로 먹습니다 음료중에 최고라생각해요포장상태 요즘 다 음료포장처럼 과대포장없이 비닐로 되어 있고 코카콜라 맛은 다들아실거구 제로코크 생각보다 190미리가 작네요그래도 탄산 시원하게 먹을 수 있어 좋아요생각보다 190미리가 작네요그래도 탄산 시원하게 먹을 수 있어 좋아요,168
5,2025-10-19,제로콜라를 지금도 계속해서 마시는 중이고 식당에서도 제로가 있으면 찾아서 마시고 있네요. 집에 있는 제로가 조금 남아서 주문 준비중에 신세계에서 마시던 제품이 저렴하게 나오길래 망설이지 않고 구매했어요. 일반 콜라보다 살이 덜 찔거라 믿고 마시는 중입니다. 탄산이 필요시 바로 한캔.,제로콜라를 지금도 계속해서 마시는 중이고 식당에서도 제로가 있으면 찾아서 마시고 있네요 집에 있는 제로가 조금 남아서 주문 준비중에 신세계에서 마시던 제품이 저렴하게 나오길래 망설이지 않고 구매했어요 일반 콜라보다 살이 덜 찔거라 믿고 마시는 중입니다 탄산이 필요시 바로 한캔,10,Fall,제로콜라를 지금도 계속해서 마시는 중이고 식당에서도 제로가 있으면 찾아서 마시고 있네요 집에 있는 제로가 조금 남아서 주문 준비중에 신세계에서 마시던 제품이 저렴하게 나오길래 망설이지 않고 구매했어요 일반 콜라보다 살이 덜 찔거라 믿고 마시는 중입니다 탄산이 필요시 바로 한캔,154
5,2025-10-14,저는 별로 안 좋아 하는데 아들놈이 이거만 먹어서.....,저는 별로 안 좋아 하는데 아들놈이 이거만 먹어서,10,Fall,저는 별로 안 좋아 하는데 아들놈이 이거만 먹어서,27
5,2025-10-14,일반콜라하고 맛차이가 거의 안느껴져서 좋습니다,일반콜라하고 맛차이가 거의 안느껴져서 좋습니다,10,Fall,일반콜라하고 맛차이가 거의 안느껴져서 좋습니다,25
5,2025-10-09,제로라 넘 좋네여 ㅋㅋㅋ우리집 냉장고 필수템입니당ㅋㅋㅋㅋ배송 빠르게 잘 받았습니다!!,제로라 넘 좋네여 우리집 냉장고 필수템입니당배송 빠르게 잘 받았습니다,10,Fall,제로라 넘 좋네여 우리집 냉장고 필수템입니당배송 빠르게 잘 받았습니다,38
5,2025-10-04,"맥,천사, 펩, 칠사. . . 등등인데.. .결국 다시 코크로 왔네요 ㅋ",맥천사 펩 칠사 등등인데 결국 다시 코크로 왔네요,10,Fall,맥천사 펩 칠사 등등인데 결국 다시 코크로 왔네요,27
5,2025-10-02,좋아요~~좋아요~~좋아요~~좋아요~~좋아요~~좋아요~~,좋아요좋아요좋아요좋아요좋아요좋아요,10,Fall,좋아요좋아요좋아요좋아요좋아요좋아요,18
5,2025-10-12,빠른배송으로 잘받았습니다 항상 이용하고 있습니다,빠른배송으로 잘받았습니다 항상 이용하고 있습니다,10,Fall,빠른배송으로 잘받았습니다 항상 이용하고 있습니다,26
5,2025-09-30,빠르고 안전하게 도착했습니다 ~^^가족들이 모두 좋아합니다 ~~굿굿굿 ^^,빠르고 안전하게 도착했습니다 가족들이 모두 좋아합니다 굿굿굿,9,Fall,빠르고 안전하게 도착했습니다 가족들이 모두 좋아합니다 굿굿굿,33
5,2025-10-01,배송 빨라서 좋았고 사은품으로 증정된 채반도 맘에 쏙 들어요,배송 빨라서 좋았고 사은품으로 증정된 채반도 맘에 쏙 들어요,10,Fall,배송 빨라서 좋았고 사은품으로 증정된 채반도 맘에 쏙 들어요,33
5,2025-09-30,콜라 제로. 배송 빨리해주셔서 감사합니다. 사은품도 잘쓸게요,콜라 제로 배송 빨리해주셔서 감사합니다 사은품도 잘쓸게요,9,Fall,콜라 제로 배송 빨리해주셔서 감사합니다 사은품도 잘쓸게요,31
5,2025-10-01,저렴한 가격에 사은품도주고 빠른 배송 너무 맘에 듭니다.,저렴한 가격에 사은품도주고 빠른 배송 너무 맘에 듭니다,10,Fall,저렴한 가격에 사은품도주고 빠른 배송 너무 맘에 듭니다,30
5,2025-10-01,채반용기 받았는데 너무 좋아서 대만족입니다.,채반용기 받았는데 너무 좋아서 대만족입니다,10,Fall,채반용기 받았는데 너무 좋아서 대만족입니다,23
5,2025-09-27,원하는 거라서 너무 좋아요 배송도 빠르고 가격도 저렴하게 잘 산것같아요,원하는 거라서 너무 좋아요 배송도 빠르고 가격도 저렴하게 잘 산것같아요,9,Fall,원하는 거라서 너무 좋아요 배송도 빠르고 가격도 저렴하게 잘 산것같아요,39
5,2025-09-30,한번 먹기 좋은 용량이고 사은품도 맘에 들어요,한번 먹기 좋은 용량이고 사은품도 맘에 들어요,9,Fall,한번 먹기 좋은 용량이고 사은품도 맘에 들어요,25
